,Unnamed: 0,TEAM,AWAY,GAMEDAY_FMT,SEASON_FMT,AWAYSCORE,HOMESCORE,HOMEWIN,HOME_OFFRTG,AWAY_OFFRTG,HOME_DEFRTG,AWAY_DEFRTG,Unnamed: 0,Unnamed: 0.1,HOME_AST%,AWAY_AST%,HOME_AST/TO,AWAY_AST/TO,HOME_AST RATIO,AWAY_AST RATIO,HOME_OREB%,AWAY_OREB%,HOME_DREB%,AWAY_DREB%,HOME_REB%,AWAY_REB%,HOME_TO RATIO,AWAY_TO RATIO,HOME_EFG%,AWAY_EFG%,HOME_TS%,AWAY_TS%,HOME_PACE,AWAY_PACE,HOME_PIE,AWAY_PIE
0,0,SEA,LAL,2008-01-14,2007,123,121,0,,,,,0,0,,,,,,,,,,,,,,,,,,,,,,
1,1,SAS,HOU,2007-11-16,2007,84,90,1,,,,,1,1,,,,,,,,,,,,,,,,,,,,,,
2,2,BOS,SAC,2007-12-12,2007,78,90,1,,,,,2,2,,,,,,,,,,,,,,,,,,,,,,
3,3,MIA,UTA,2007-12-22,2007,102,104,1,,,,,3,3,,,,,,,,,,,,,,,,,,,,,,
7,7,SAS,LAL,2007-11-13,2007,92,107,1,,,,,7,7,,,,,,,,,,,,,,,,,,,,,,
8,8,SAS,NJN,2008-03-04,2007,70,81,1,,,,,8,8,,,,,,,,,,,,,,,,,,,,,,
9,9,SAS,ORL,2007-11-21,2007,110,128,1,,,,,9,9,,,,,,,,,,,,,,,,,,,,,,
12,12,SAS,MIL,2007-11-11,2007,88,113,1,,,,,12,12,,,,,,,,,,,,,,,,,,,,,,
15,15,SAS,IND,2008-03-06,2007,97,108,1,,,,,15,15,,,,,,,,,,,,,,,,,,,,,,
16,16,SAS,BOS,2008-03-17,2007,93,91,0,,,,,16,16,,,,,,,,,,,,,,,,,,,,,,
17,17,SAS,WAS,2007-11-28,2007,94,109,1,,,,,17,17,,,,,,,,,,,,,,,,,,,,,,
18,18,CLE,PHI,2007-12-15,2007,92,86,0,,,,,18,18,,,,,,,,,,,,,,,,,,,,,,
19,19,BOS,MIL,2007-12-14,2007,82,104,1,,,,,19,19,,,,,,,,,,,,,,,,,,,,,,
21,21,SAS,MIA,2007-11-07,2007,78,88,1,,,,,21,21,,,,,,,,,,,,,,,,,,,,,,
22,22,SAS,MEM,2007-11-23,2007,88,101,1,,,,,22,22,,,,,,,,,,,,,,,,,,,,,,
23,23,DEN,CHI,2007-11-20,2007,91,112,1,,,,,23,23,,,,,,,,,,,,,,,,,,,,,,
24,24,DEN,MIN,2007-11-23,2007,93,99,1,,,,,24,24,,,,,,,,,,,,,,,,,,,,,,
25,25,PHI,CHI,2008-01-11,2007,100,97,0,,,,,25,25,,,,,,,,,,,,,,,,,,,,,,
26,26,CLE,IND,2007-12-11,2007,105,118,1,,,,,26,26,,,,,,,,,,,,,,,,,,,,,,
27,27,PHI,DET,2008-01-23,2007,86,78,0,,,,,27,27,,,,,,,,,,,,,,,,,,,,,,
36,36,MIA,MEM,2008-04-11,2007,96,91,0,,,,,36,36,,,,,,,,,,,,,,,,,,,,,,
38,38,DEN,SAC,2007-12-08,2007,97,101,1,,,,,38,38,,,,,,,,,,,,,,,,,,,,,,
41,41,MIA,NJN,2007-12-20,2007,107,103,0,,,,,41,41,,,,,,,,,,,,,,,,,,,,,,
42,42,DEN,MIL,2007-12-26,2007,105,125,1,,,,,42,42,,,,,,,,,,,,,,,,,,,,,,
43,43,PHI,LAC,2008-02-09,2007,80,101,1,,,,,43,43,,,,,,,,,,,,,,,,,,,,,,
44,44,BOS,TOR,2007-12-07,2007,84,112,1,,,,,44,44,,,,,,,,,,,,,,,,,,,,,,
45,45,SAS,SAC,2007-11-02,2007,80,96,1,,,,,45,45,,,,,,,,,,,,,,,,,,,,,,
47,47,SAS,DAL,2007-12-05,2007,95,97,1,,,,,47,47,,,,,,,,,,,,,,,,,,,,,,
49,49,MEM,PHX,2008-02-26,2007,127,113,0,,,,,49,49,,,,,,,,,,,,,,,,,,,,,,
50,50,MEM,MIN,2007-12-01,2007,80,109,1,,,,,50,50,,,,,,,,,,,,,,,,,,,,,,
51,51,MEM,UTA,2008-02-02,2007,110,91,0,,,,,51,51,,,,,,,,,,,,,,,,,,,,,,
52,52,MEM,POR,2007-12-03,2007,106,105,0,,,,,52,52,,,,,,,,,,,,,,,,,,,,,,
53,53,MEM,SAC,2008-02-12,2007,94,107,1,,,,,53,53,,,,,,,,,,,,,,,,,,,,,,
55,55,MEM,MIL,2008-02-05,2007,102,97,0,,,,,55,55,,,,,,,,,,,,,,,,,,,,,,
56,56,NOH,LAC,2008-01-25,2007,92,111,1,,,,,56,56,,,,,,,,,,,,,,,,,,,,,,
57,57,DEN,POR,2007-11-14,2007,93,110,1,,,,,57,57,,,,,,,,,,,,,,,,,,,,,,
60,60,PHI,DEN,2008-03-19,2007,113,115,1,,,,,60,60,,,,,,,,,,,,,,,,,,,,,,
62,62,PHI,UTA,2007-11-28,2007,106,95,0,,,,,62,62,,,,,,,,,,,,,,,,,,,,,,
63,63,PHI,SAS,2008-03-15,2007,96,103,1,,,,,63,63,,,,,,,,,,,,,,,,,,,,,,
64,64,CLE,MIA,2007-12-25,2007,82,96,1,,,,,64,64,,,,,,,,,,,,,,,,,,,,,,
65,65,MEM,GSW,2007-12-17,2007,125,117,0,,,,,65,65,,,,,,,,,,,,,,,,,,,,,,
66,66,NOH,DEN,2008-01-28,2007,93,117,1,,,,,66,66,,,,,,,,,,,,,,,,,,,,,,
67,67,SAS,ATL,2008-02-25,2007,74,89,1,,,,,67,67,,,,,,,,,,,,,,,,,,,,,,
68,68,SAS,DEN,2007-12-15,2007,91,102,1,,,,,68,68,,,,,,,,,,,,,,,,,,,,,,
69,69,PHI,IND,2008-01-21,2007,110,103,0,,,,,69,69,,,,,,,,,,,,,,,,,,,,,,
70,70,SAS,PHX,2007-12-17,2007,100,95,0,,,,,70,70,,,,,,,,,,,,,,,,,,,,,,
74,74,NOH,GSW,2008-01-30,2007,116,103,0,,,,,74,74,,,,,,,,,,,,,,,,,,,,,,
76,76,DEN,NYK,2007-11-17,2007,83,115,1,,,,,76,76,,,,,,,,,,,,,,,,,,,,,,
77,77,BOS,GSW,2007-11-21,2007,82,105,1,,,,,77,77,,,,,,,,,,,,,,,,,,,,,,
78,78,MEM,DET,2007-12-11,2007,113,103,0,,,,,78,78,,,,,,,,,,,,,,,,,,,,,,
79,79,SAS,CHA,2008-02-19,2007,65,85,1,,,,,79,79,,,,,,,,,,,,,,,,,,,,,,
80,80,MEM,PHI,2007-12-22,2007,99,97,0,,,,,80,80,,,,,,,,,,,,,,,,,,,,,,
86,86,MEM,LAC,2007-12-14,2007,98,91,0,,,,,86,86,,,,,,,,,,,,,,,,,,,,,,
88,88,PHI,GSW,2007-11-24,2007,100,98,0,,,,,88,88,,,,,,,,,,,,,,,,,,,,,,
89,89,PHI,ORL,2008-02-01,2007,108,106,0,,,,,89,89,,,,,,,,,,,,,,,,,,,,,,
91,91,MIA,IND,2007-12-15,2007,106,103,0,,,,,91,91,,,,,,,,,,,,,,,,,,,,,,
92,92,SAC,MEM,2008-01-10,2007,113,116,1,,,,,92,92,,,,,,,,,,,,,,,,,,,,,,
93,93,MIA,HOU,2007-11-23,2007,91,98,1,,,,,93,93,,,,,,,,,,,,,,,,,,,,,,
94,94,MIA,ATL,2007-11-21,2007,82,79,0,,,,,94,94,,,,,,,,,,,,,,,,,,,,,,
95,95,PHI,MIL,2008-01-08,2007,87,83,0,,,,,95,95,,,,,,,,,,,,,,,,,,,,,,
96,96,BOS,NJN,2007-11-14,2007,69,91,1,,,,,96,96,,,,,,,,,,,,,,,,,,,,,,
98,98,MIA,SAC,2008-02-26,2007,86,107,1,,,,,98,98,,,,,,,,,,,,,,,,,,,,,,
100,100,MIA,TOR,2008-02-04,2007,114,82,0,,,,,100,100,,,,,,,,,,,,,,,,,,,,,,
101,101,MIA,MIN,2007-12-17,2007,87,91,1,,,,,101,101,,,,,,,,,,,,,,,,,,,,,,
102,102,SAC,WAS,2008-03-28,2007,114,108,0,,,,,102,102,,,,,,,,,,,,,,,,,,,,,,
103,103,CLE,LAC,2008-02-02,2007,84,98,1,,,,,103,103,,,,,,,,,,,,,,,,,,,,,,
104,104,MIA,LAL,2008-02-10,2007,104,94,0,,,,,104,104,,,,,,,,,,,,,,,,,,,,,,
106,106,MIA,PHI,2008-02-23,2007,101,96,0,,,,,106,106,,,,,,,,,,,,,,,,,,,,,,
107,107,BOS,DEN,2007-11-07,2007,93,119,1,,,,,107,107,,,,,,,,,,,,,,,,,,,,,,
108,108,SAC,ORL,2008-01-08,2007,100,104,1,,,,,108,108,,,,,,,,,,,,,,,,,,,,,,
109,109,NOH,TOR,2007-12-31,2007,97,92,0,,,,,109,109,,,,,,,,,,,,,,,,,,,,,,
110,110,DEN,DAL,2008-03-27,2007,105,118,1,,,,,110,110,,,,,,,,,,,,,,,,,,,,,,
111,111,DEN,IND,2007-11-27,2007,112,110,0,,,,,111,111,,,,,,,,,,,,,,,,,,,,,,
112,112,SAC,CLE,2007-11-09,2007,93,91,0,,,,,112,112,,,,,,,,,,,,,,,,,,,,,,
113,113,MIA,SEA,2007-11-14,2007,104,95,0,,,,,113,113,,,,,,,,,,,,,,,,,,,,,,
114,114,MIA,PHX,2007-11-09,2007,106,101,0,,,,,114,114,,,,,,,,,,,,,,,,,,,,,,
115,115,CLE,SAS,2008-02-13,2007,112,105,0,,,,,115,115,,,,,,,,,,,,,,,,,,,,,,
117,117,SAC,MIL,2007-12-10,2007,93,96,1,,,,,117,117,,,,,,,,,,,,,,,,,,,,,,
118,118,SAC,PHI,2007-12-28,2007,92,80,0,,,,,118,118,,,,,,,,,,,,,,,,,,,,,,
119,119,MIA,CHA,2007-11-04,2007,90,88,0,,,,,119,119,,,,,,,,,,,,,,,,,,,,,,
120,120,PHI,ATL,2007-12-03,2007,88,79,0,,,,,120,120,,,,,,,,,,,,,,,,,,,,,,
121,121,MIA,DET,2007-11-01,2007,91,80,0,,,,,121,121,,,,,,,,,,,,,,,,,,,,,,
122,122,SAC,UTA,2007-12-04,2007,107,117,1,,,,,122,122,,,,,,,,,,,,,,,,,,,,,,
123,123,CLE,HOU,2008-02-19,2007,93,85,0,,,,,123,123,,,,,,,,,,,,,,,,,,,,,,
125,125,NOH,MEM,2007-12-07,2007,116,118,1,,,,,125,125,,,,,,,,,,,,,,,,,,,,,,
126,126,NOH,SEA,2007-12-09,2007,88,91,1,,,,,126,126,,,,,,,,,,,,,,,,,,,,,,
127,127,SAC,SEA,2007-11-06,2007,98,104,1,,,,,127,127,,,,,,,,,,,,,,,,,,,,,,
128,128,SAC,MIN,2007-11-10,2007,93,100,1,,,,,128,128,,,,,,,,,,,,,,,,,,,,,,
130,130,BOS,DET,2007-12-19,2007,87,85,0,,,,,130,130,,,,,,,,,,,,,,,,,,,,,,
131,131,CLE,MEM,2008-02-24,2007,89,109,1,,,,,131,131,,,,,,,,,,,,,,,,,,,,,,
133,133,MIA,NOH,2008-04-02,2007,106,77,0,,,,,133,133,,,,,,,,,,,,,,,,,,,,,,
134,134,DEN,TOR,2008-03-14,2007,105,137,1,,,,,134,134,,,,,,,,,,,,,,,,,,,,,,
135,135,SAC,TOR,2008-03-16,2007,100,106,1,,,,,135,135,,,,,,,,,,,,,,,,,,,,,,
136,136,BOS,CLE,2007-12-02,2007,70,80,1,,,,,136,136,,,,,,,,,,,,,,,,,,,,,,
137,137,BOS,LAC,2008-02-06,2007,100,111,1,,,,,137,137,,,,,,,,,,,,,,,,,,,,,,
138,138,MIA,BOS,2007-11-30,2007,95,85,0,,,,,138,138,,,,,,,,,,,,,,,,,,,,,,
140,140,BOS,SAS,2008-02-10,2007,90,98,1,,,,,140,140,,,,,,,,,,,,,,,,,,,,,,
142,142,NOH,MIN,2007-11-26,2007,103,94,0,,,,,142,142,,,,,,,,,,,,,,,,,,,,,,
143,143,SAC,NJN,2008-01-22,2007,94,128,1,,,,,143,143,,,,,,,,,,,,,,,,,,,,,,
144,144,MIA,WAS,2007-12-13,2007,104,91,0,,,,,144,144,,,,,,,,,,,,,,,,,,,,,,
145,145,CLE,MIN,2008-02-29,2007,84,92,1,,,,,145,145,,,,,,,,,,,,,,,,,,,,,,
149,149,SAC,ATL,2008-02-20,2007,107,119,1,,,,,149,149,,,,,,,,,,,,,,,,,,,,,,
150,150,NOH,CHA,2008-01-18,2007,84,112,1,,,,,150,150,,,,,,,,,,,,,,,,,,,,,,
152,152,SAC,CHI,2008-02-02,2007,101,105,1,,,,,152,152,,,,,,,,,,,,,,,,,,,,,,
153,153,SAC,NOH,2008-02-01,2007,103,112,1,,,,,153,153,,,,,,,,,,,,,,,,,,,,,,
154,154,PHI,BOS,2007-12-05,2007,113,103,0,,,,,154,154,,,,,,,,,,,,,,,,,,,,,,
157,157,DEN,CLE,2007-11-12,2007,100,122,1,,,,,157,157,,,,,,,,,,,,,,,,,,,,,,
158,158,SAC,LAL,2008-03-04,2007,117,105,0,,,,,158,158,,,,,,,,,,,,,,,,,,,,,,
159,159,PHI,MEM,2008-02-13,2007,88,102,1,,,,,159,159,,,,,,,,,,,,,,,,,,,,,,
160,160,SAC,MIA,2008-03-02,2007,109,120,1,,,,,160,160,,,,,,,,,,,,,,,,,,,,,,
161,161,SAC,DAL,2008-01-14,2007,120,122,1,,,,,161,161,,,,,,,,,,,,,,,,,,,,,,
162,162,PHI,DAL,2008-02-11,2007,76,84,1,,,,,162,162,,,,,,,,,,,,,,,,,,,,,,
163,163,MIA,DEN,2008-02-12,2007,114,113,0,,,,,163,163,,,,,,,,,,,,,,,,,,,,,,
164,164,DEN,MEM,2008-03-12,2007,86,108,1,,,,,164,164,,,,,,,,,,,,,,,,,,,,,,
165,165,NOH,POR,2007-11-02,2007,93,113,1,,,,,165,165,,,,,,,,,,,,,,,,,,,,,,
167,167,SAC,POR,2008-03-13,2007,85,96,1,,,,,167,167,,,,,,,,,,,,,,,,,,,,,,
168,168,SAC,IND,2008-01-12,2007,111,105,0,,,,,168,168,,,,,,,,,,,,,,,,,,,,,,
170,170,BOS,ORL,2007-12-23,2007,91,103,1,,,,,170,170,,,,,,,,,,,,,,,,,,,,,,
172,172,NOH,ORL,2007-11-19,2007,95,88,0,,,,,172,172,,,,,,,,,,,,,,,,,,,,,,
173,173,BOS,WAS,2007-11-02,2007,83,103,1,,,,,173,173,,,,,,,,,,,,,,,,,,,,,,
175,175,BOS,CHI,2007-12-21,2007,82,107,1,,,,,175,175,,,,,,,,,,,,,,,,,,,,,,
176,176,DEN,UTA,2008-01-17,2007,109,120,1,,,,,176,176,,,,,,,,,,,,,,,,,,,,,,
177,177,BOS,ATL,2007-11-09,2007,83,106,1,,,,,177,177,,,,,,,,,,,,,,,,,,,,,,
180,180,PHI,POR,2007-11-16,2007,88,92,1,,,,,180,180,,,,,,,,,,,,,,,,,,,,,,
181,181,CLE,DAL,2007-10-31,2007,92,74,0,,,,,181,181,,,,,,,,,,,,,,,,,,,,,,
182,182,SAS,NOH,2008-01-26,2007,102,78,0,,,,,182,182,,,,,,,,,,,,,,,,,,,,,,
183,183,LAL,ATL,2008-02-19,2007,93,122,1,,,,,183,183,,,,,,,,,,,,,,,,,,,,,,
188,188,SAS,LAC,2007-12-22,2007,90,99,1,,,,,188,188,,,,,,,,,,,,,,,,,,,,,,
190,190,SAS,CHI,2007-12-26,2007,79,94,1,,,,,190,190,,,,,,,,,,,,,,,,,,,,,,
192,192,SEA,MIL,2007-12-07,2007,98,104,1,,,,,192,192,,,,,,,,,,,,,,,,,,,,,,
193,193,SEA,LAC,2007-12-05,2007,88,95,1,,,,,193,193,,,,,,,,,,,,,,,,,,,,,,
194,194,SEA,SAS,2007-11-25,2007,116,101,0,,,,,194,194,,,,,,,,,,,,,,,,,,,,,,
196,196,SEA,BOS,2007-12-27,2007,104,96,0,,,,,196,196,,,,,,,,,,,,,,,,,,,,,,
197,197,SEA,CHI,2008-02-04,2007,118,108,0,,,,,197,197,,,,,,,,,,,,,,,,,,,,,,
198,198,SEA,DAL,2008-01-11,2007,90,70,0,,,,,198,198,,,,,,,,,,,,,,,,,,,,,,
199,199,SAS,MIN,2008-01-12,2007,88,105,1,,,,,199,199,,,,,,,,,,,,,,,,,,,,,,
201,201,LAL,CHI,2007-11-18,2007,78,106,1,,,,,201,201,,,,,,,,,,,,,,,,,,,,,,
203,203,BOS,HOU,2008-01-02,2007,93,97,1,,,,,203,203,,,,,,,,,,,,,,,,,,,,,,
205,205,BOS,MEM,2008-01-04,2007,96,100,1,,,,,205,205,,,,,,,,,,,,,,,,,,,,,,
206,206,BOS,CHA,2008-01-09,2007,95,83,0,,,,,206,206,,,,,,,,,,,,,,,,,,,,,,
207,207,BOS,MIN,2008-01-25,2007,86,87,1,,,,,207,207,,,,,,,,,,,,,,,,,,,,,,
208,208,NOH,NJN,2008-03-07,2007,96,107,1,,,,,208,208,,,,,,,,,,,,,,,,,,,,,,
211,211,BOS,POR,2008-01-16,2007,90,100,1,,,,,211,211,,,,,,,,,,,,,,,,,,,,,,
212,212,DEN,ORL,2008-01-11,2007,103,113,1,,,,,212,212,,,,,,,,,,,,,,,,,,,,,,
213,213,BOS,PHI,2008-01-18,2007,89,116,1,,,,,213,213,,,,,,,,,,,,,,,,,,,,,,
214,214,SAS,DET,2008-01-10,2007,90,80,0,,,,,214,214,,,,,,,,,,,,,,,,,,,,,,
215,215,BOS,LAL,2007-11-23,2007,94,107,1,,,,,215,215,,,,,,,,,,,,,,,,,,,,,,
219,219,SAS,TOR,2007-12-28,2007,83,73,0,,,,,219,219,,,,,,,,,,,,,,,,,,,,,,
221,221,NOH,MIA,2008-01-11,2007,88,114,1,,,,,221,221,,,,,,,,,,,,,,,,,,,,,,
222,222,SEA,MIN,2007-12-29,2007,90,109,1,,,,,222,222,,,,,,,,,,,,,,,,,,,,,,
223,223,SAS,SEA,2008-04-11,2007,74,95,1,,,,,223,223,,,,,,,,,,,,,,,,,,,,,,
224,224,NJN,NYK,2007-12-05,2007,100,93,0,,,,,224,224,,,,,,,,,,,,,,,,,,,,,,
225,225,SEA,IND,2007-11-30,2007,93,95,1,,,,,225,225,,,,,,,,,,,,,,,,,,,,,,
227,227,LAL,NOH,2007-11-06,2007,118,104,0,,,,,227,227,,,,,,,,,,,,,,,,,,,,,,
228,228,SEA,CLE,2008-01-31,2007,95,101,1,,,,,228,228,,,,,,,,,,,,,,,,,,,,,,
229,229,SEA,POR,2008-02-22,2007,87,99,1,,,,,229,229,,,,,,,,,,,,,,,,,,,,,,
232,232,SEA,DET,2007-11-11,2007,107,103,0,,,,,232,232,,,,,,,,,,,,,,,,,,,,,,
233,233,LAL,GSW,2007-12-09,2007,113,123,1,,,,,233,233,,,,,,,,,,,,,,,,,,,,,,
235,235,SEA,ATL,2008-01-25,2007,99,90,0,,,,,235,235,,,,,,,,,,,,,,,,,,,,,,
236,236,SEA,PHI,2007-12-31,2007,98,90,0,,,,,236,236,,,,,,,,,,,,,,,,,,,,,,
237,237,SEA,NOH,2007-12-19,2007,107,93,0,,,,,237,237,,,,,,,,,,,,,,,,,,,,,,
239,239,SEA,TOR,2007-12-21,2007,115,123,1,,,,,239,239,,,,,,,,,,,,,,,,,,,,,,
240,240,SEA,UTA,2007-11-09,2007,103,101,0,,,,,240,240,,,,,,,,,,,,,,,,,,,,,,
241,241,LAL,MIN,2007-11-09,2007,93,107,1,,,,,241,241,,,,,,,,,,,,,,,,,,,,,,
243,243,LAL,DEN,2007-11-29,2007,99,127,1,,,,,243,243,,,,,,,,,,,,,,,,,,,,,,
245,245,SEA,SAC,2008-01-27,2007,103,101,0,,,,,245,245,,,,,,,,,,,,,,,,,,,,,,
246,246,SEA,HOU,2008-01-23,2007,109,107,0,,,,,246,246,,,,,,,,,,,,,,,,,,,,,,
247,247,LAL,POR,2008-02-26,2007,83,96,1,,,,,247,247,,,,,,,,,,,,,,,,,,,,,,
248,248,SEA,NJN,2007-11-23,2007,98,93,0,,,,,248,248,,,,,,,,,,,,,,,,,,,,,,
249,249,SEA,NYK,2008-02-02,2007,85,86,1,,,,,249,249,,,,,,,,,,,,,,,,,,,,,,
252,252,SEA,ORL,2007-11-28,2007,110,94,0,,,,,252,252,,,,,,,,,,,,,,,,,,,,,,
254,254,SEA,WAS,2008-03-26,2007,104,99,0,,,,,254,254,,,,,,,,,,,,,,,,,,,,,,
257,257,SEA,CHA,2008-03-28,2007,96,93,0,,,,,257,257,,,,,,,,,,,,,,,,,,,,,,
259,259,SEA,MIA,2008-02-29,2007,103,93,0,,,,,259,259,,,,,,,,,,,,,,,,,,,,,,
261,261,SEA,MEM,2007-11-07,2007,105,98,0,,,,,261,261,,,,,,,,,,,,,,,,,,,,,,
262,262,SEA,DEN,2008-02-27,2007,138,96,0,,,,,262,262,,,,,,,,,,,,,,,,,,,,,,
264,264,SEA,PHX,2007-11-01,2007,106,99,0,,,,,264,264,,,,,,,,,,,,,,,,,,,,,,
265,265,SEA,GSW,2007-12-02,2007,109,96,0,,,,,265,265,,,,,,,,,,,,,,,,,,,,,,
268,268,PHI,MIN,2007-12-12,2007,94,98,1,,,,,268,268,,,,,,,,,,,,,,,,,,,,,,
270,270,MEM,DEN,2008-01-30,2007,106,102,0,,,,,270,270,,,,,,,,,,,,,,,,,,,,,,
271,271,NOH,WAS,2008-02-25,2007,95,92,0,,,,,271,271,,,,,,,,,,,,,,,,,,,,,,
272,272,NOH,HOU,2008-02-22,2007,100,80,0,,,,,272,272,,,,,,,,,,,,,,,,,,,,,,
273,273,CLE,GSW,2007-12-23,2007,105,96,0,,,,,273,273,,,,,,,,,,,,,,,,,,,,,,
274,274,DEN,BOS,2008-02-19,2007,118,124,1,,,,,274,274,,,,,,,,,,,,,,,,,,,,,,
275,275,NOH,UTA,2008-02-29,2007,98,110,1,,,,,275,275,,,,,,,,,,,,,,,,,,,,,,
277,277,DEN,PHI,2008-01-06,2007,96,109,1,,,,,277,277,,,,,,,,,,,,,,,,,,,,,,
278,278,MEM,HOU,2007-11-13,2007,99,105,1,,,,,278,278,,,,,,,,,,,,,,,,,,,,,,
279,279,MEM,NOH,2007-11-16,2007,120,118,0,,,,,279,279,,,,,,,,,,,,,,,,,,,,,,
280,280,MEM,SAS,2007-10-31,2007,104,101,0,,,,,280,280,,,,,,,,,,,,,,,,,,,,,,
282,282,CLE,LAL,2007-12-20,2007,90,94,1,,,,,282,282,,,,,,,,,,,,,,,,,,,,,,
285,285,MEM,IND,2007-11-03,2007,121,111,0,,,,,285,285,,,,,,,,,,,,,,,,,,,,,,
287,287,PHI,PHX,2008-03-28,2007,107,93,0,,,,,287,287,,,,,,,,,,,,,,,,,,,,,,
289,289,SAS,UTA,2007-12-07,2007,98,104,1,,,,,289,289,,,,,,,,,,,,,,,,,,,,,,
291,291,PHI,CLE,2008-04-14,2007,91,90,0,,,,,291,291,,,,,,,,,,,,,,,,,,,,,,
293,293,MEM,WAS,2007-11-24,2007,118,124,1,,,,,293,293,,,,,,,,,,,,,,,,,,,,,,
294,294,MEM,NYK,2008-04-02,2007,114,130,1,,,,,294,294,,,,,,,,,,,,,,,,,,,,,,
296,296,MEM,SEA,2007-11-19,2007,108,125,1,,,,,296,296,,,,,,,,,,,,,,,,,,,,,,
299,299,MEM,TOR,2007-11-21,2007,95,89,0,,,,,299,299,,,,,,,,,,,,,,,,,,,,,,
300,300,NOH,MIL,2008-01-21,2007,92,106,1,,,,,300,300,,,,,,,,,,,,,,,,,,,,,,
303,303,PHI,SEA,2008-03-07,2007,83,117,1,,,,,303,303,,,,,,,,,,,,,,,,,,,,,,
304,304,NOH,NYK,2008-04-04,2007,110,118,1,,,,,304,304,,,,,,,,,,,,,,,,,,,,,,
305,305,DEN,SEA,2007-10-31,2007,103,120,1,,,,,305,305,,,,,,,,,,,,,,,,,,,,,,
309,309,PHI,SAC,2007-12-14,2007,109,99,0,,,,,309,309,,,,,,,,,,,,,,,,,,,,,,
310,310,PHI,WAS,2007-11-30,2007,84,85,1,,,,,310,310,,,,,,,,,,,,,,,,,,,,,,
312,312,MEM,LAL,2008-01-08,2007,117,101,0,,,,,312,312,,,,,,,,,,,,,,,,,,,,,,
313,313,PHI,NYK,2007-12-07,2007,90,101,1,,,,,313,313,,,,,,,,,,,,,,,,,,,,,,
314,314,DEN,NOH,2007-11-04,2007,93,88,0,,,,,314,314,,,,,,,,,,,,,,,,,,,,,,
315,315,DEN,NJN,2008-01-25,2007,85,100,1,,,,,315,315,,,,,,,,,,,,,,,,,,,,,,
316,316,MEM,NJN,2008-03-05,2007,93,100,1,,,,,316,316,,,,,,,,,,,,,,,,,,,,,,
317,317,MEM,BOS,2008-03-08,2007,119,89,0,,,,,317,317,,,,,,,,,,,,,,,,,,,,,,
318,318,BOS,NYK,2007-11-29,2007,59,104,1,,,,,318,318,,,,,,,,,,,,,,,,,,,,,,
319,319,MEM,CHA,2008-03-17,2007,80,98,1,,,,,319,319,,,,,,,,,,,,,,,,,,,,,,
321,321,SAS,CLE,2008-01-17,2007,90,88,0,,,,,321,321,,,,,,,,,,,,,,,,,,,,,,
323,323,SAS,NYK,2008-01-04,2007,93,97,1,,,,,323,323,,,,,,,,,,,,,,,,,,,,,,
324,324,NOH,CHI,2008-03-17,2007,97,108,1,,,,,324,324,,,,,,,,,,,,,,,,,,,,,,
326,326,DEN,WAS,2008-02-08,2007,100,111,1,,,,,326,326,,,,,,,,,,,,,,,,,,,,,,
328,328,BOS,DAL,2008-01-31,2007,90,96,1,,,,,328,328,,,,,,,,,,,,,,,,,,,,,,
329,329,NOH,ATL,2008-03-05,2007,101,116,1,,,,,329,329,,,,,,,,,,,,,,,,,,,,,,
330,330,BOS,MIA,2007-11-16,2007,91,92,1,,,,,330,330,,,,,,,,,,,,,,,,,,,,,,
332,332,NOH,LAL,2008-01-09,2007,109,80,0,,,,,332,332,,,,,,,,,,,,,,,,,,,,,,
333,333,MEM,DAL,2008-01-28,2007,103,84,0,,,,,333,333,,,,,,,,,,,,,,,,,,,,,,
340,340,DEN,ATL,2008-01-23,2007,100,107,1,,,,,340,340,,,,,,,,,,,,,,,,,,,,,,
341,341,MEM,ORL,2008-01-23,2007,112,85,0,,,,,341,341,,,,,,,,,,,,,,,,,,,,,,
342,342,SAS,POR,2007-10-30,2007,97,106,1,,,,,342,342,,,,,,,,,,,,,,,,,,,,,,
343,343,MEM,CHI,2008-01-21,2007,90,104,1,,,,,343,343,,,,,,,,,,,,,,,,,,,,,,
345,345,MEM,CLE,2008-01-15,2007,132,124,0,,,,,345,345,,,,,,,,,,,,,,,,,,,,,,
350,350,MEM,ATL,2008-03-31,2007,116,99,0,,,,,350,350,,,,,,,,,,,,,,,,,,,,,,
352,352,SAS,GSW,2008-04-01,2007,92,116,1,,,,,352,352,,,,,,,,,,,,,,,,,,,,,,
353,353,DEN,MIA,2007-12-02,2007,89,115,1,,,,,353,353,,,,,,,,,,,,,,,,,,,,,,
354,354,DEN,CHA,2008-02-02,2007,101,117,1,,,,,354,354,,,,,,,,,,,,,,,,,,,,,,
355,355,SAS,PHI,2008-01-14,2007,82,89,1,,,,,355,355,,,,,,,,,,,,,,,,,,,,,,
356,356,NOH,BOS,2008-03-22,2007,106,113,1,,,,,356,356,,,,,,,,,,,,,,,,,,,,,,
357,357,MEM,MIA,2008-01-06,2007,94,101,1,,,,,357,357,,,,,,,,,,,,,,,,,,,,,,
358,358,LAL,UTA,2007-11-04,2007,109,119,1,,,,,358,358,,,,,,,,,,,,,,,,,,,,,,
359,359,DAL,DEN,2007-12-06,2007,122,109,0,,,,,359,359,,,,,,,,,,,,,,,,,,,,,,
360,360,MIA,CHI,2008-01-16,2007,126,96,0,,,,,360,360,,,,,,,,,,,,,,,,,,,,,,
361,361,CHA,MEM,2008-01-19,2007,87,105,1,,,,,361,361,,,,,,,,,,,,,,,,,,,,,,
362,362,CHA,SAC,2008-02-22,2007,116,115,0,,,,,362,362,,,,,,,,,,,,,,,,,,,,,,
363,363,CHA,PHX,2007-11-06,2007,115,83,0,,,,,363,363,,,,,,,,,,,,,,,,,,,,,,
365,365,DAL,SAC,2007-11-03,2007,102,123,1,,,,,365,365,,,,,,,,,,,,,,,,,,,,,,
366,366,NJN,DEN,2008-03-21,2007,125,114,0,,,,,366,366,,,,,,,,,,,,,,,,,,,,,,
367,367,DAL,MIL,2008-02-06,2007,96,107,1,,,,,367,367,,,,,,,,,,,,,,,,,,,,,,
368,368,CLE,NOH,2008-03-26,2007,100,99,0,,,,,368,368,,,,,,,,,,,,,,,,,,,,,,
369,369,CHA,SAS,2008-01-21,2007,95,86,0,,,,,369,369,,,,,,,,,,,,,,,,,,,,,,
370,370,MIN,NJN,2008-01-27,2007,95,98,1,,,,,370,370,,,,,,,,,,,,,,,,,,,,,,
371,371,CLE,CHI,2008-03-02,2007,86,95,1,,,,,371,371,,,,,,,,,,,,,,,,,,,,,,
372,372,NJN,HOU,2007-12-07,2007,96,89,0,,,,,372,372,,,,,,,,,,,,,,,,,,,,,,
374,374,NJN,MIN,2008-02-12,2007,88,92,1,,,,,374,374,,,,,,,,,,,,,,,,,,,,,,
376,376,CLE,POR,2008-03-10,2007,80,88,1,,,,,376,376,,,,,,,,,,,,,,,,,,,,,,
378,378,DAL,ORL,2007-12-17,2007,108,111,1,,,,,378,378,,,,,,,,,,,,,,,,,,,,,,
379,379,CLE,ATL,2008-01-02,2007,94,98,1,,,,,379,379,,,,,,,,,,,,,,,,,,,,,,
380,380,MIN,MIL,2008-04-16,2007,101,110,1,,,,,380,380,,,,,,,,,,,,,,,,,,,,,,
381,381,PHX,ATL,2008-01-29,2007,92,125,1,,,,,381,381,,,,,,,,,,,,,,,,,,,,,,
382,382,CHA,DAL,2008-01-23,2007,102,95,0,,,,,382,382,,,,,,,,,,,,,,,,,,,,,,
383,383,CLE,WAS,2008-01-23,2007,85,121,1,,,,,383,383,,,,,,,,,,,,,,,,,,,,,,
384,384,PHX,DAL,2008-02-14,2007,97,109,1,,,,,384,384,,,,,,,,,,,,,,,,,,,,,,
385,385,NJN,DET,2007-12-26,2007,101,83,0,,,,,385,385,,,,,,,,,,,,,,,,,,,,,,
386,386,NJN,CLE,2007-12-14,2007,97,105,1,,,,,386,386,,,,,,,,,,,,,,,,,,,,,,
387,387,MIN,LAL,2007-12-04,2007,116,95,0,,,,,387,387,,,,,,,,,,,,,,,,,,,,,,
388,388,MIN,TOR,2008-02-10,2007,105,82,0,,,,,388,388,,,,,,,,,,,,,,,,,,,,,,
392,392,MIN,CHI,2008-01-30,2007,67,83,1,,,,,392,392,,,,,,,,,,,,,,,,,,,,,,
394,394,NJN,CHI,2007-10-31,2007,103,112,1,,,,,394,394,,,,,,,,,,,,,,,,,,,,,,
397,397,MIN,IND,2007-12-21,2007,118,131,1,,,,,397,397,,,,,,,,,,,,,,,,,,,,,,
398,398,PHX,DET,2008-02-24,2007,116,86,0,,,,,398,398,,,,,,,,,,,,,,,,,,,,,,
399,399,PHX,CHA,2008-02-04,2007,104,118,1,,,,,399,399,,,,,,,,,,,,,,,,,,,,,,
400,400,CHA,BOS,2007-11-24,2007,96,95,0,,,,,400,400,,,,,,,,,,,,,,,,,,,,,,
401,401,CHA,PHI,2008-01-26,2007,103,96,0,,,,,401,401,,,,,,,,,,,,,,,,,,,,,,
402,402,MIN,GSW,2007-12-19,2007,111,98,0,,,,,402,402,,,,,,,,,,,,,,,,,,,,,,
403,403,PHX,MIA,2007-12-10,2007,117,113,0,,,,,403,403,,,,,,,,,,,,,,,,,,,,,,
404,404,MIN,DET,2008-04-01,2007,94,90,0,,,,,404,404,,,,,,,,,,,,,,,,,,,,,,
407,407,DAL,HOU,2007-11-05,2007,98,107,1,,,,,407,407,,,,,,,,,,,,,,,,,,,,,,
408,408,MIN,CHA,2008-03-04,2007,109,89,0,,,,,408,408,,,,,,,,,,,,,,,,,,,,,,
409,409,DAL,PHX,2007-12-19,2007,105,108,1,,,,,409,409,,,,,,,,,,,,,,,,,,,,,,
410,410,CLE,PHX,2008-01-25,2007,110,108,0,,,,,410,410,,,,,,,,,,,,,,,,,,,,,,
412,412,PHX,ORL,2007-11-30,2007,106,110,1,,,,,412,412,,,,,,,,,,,,,,,,,,,,,,
413,413,MIN,SAS,2007-11-30,2007,106,91,0,,,,,413,413,,,,,,,,,,,,,,,,,,,,,,
415,415,MIN,CLE,2007-11-21,2007,97,86,0,,,,,415,415,,,,,,,,,,,,,,,,,,,,,,
417,417,POR,CLE,2008-01-30,2007,84,83,0,,,,,417,417,,,,,,,,,,,,,,,,,,,,,,
418,418,MIN,SEA,2007-12-14,2007,99,88,0,,,,,418,418,,,,,,,,,,,,,,,,,,,,,,
420,420,MIN,PHX,2007-12-08,2007,93,100,1,,,,,420,420,,,,,,,,,,,,,,,,,,,,,,
421,421,NJN,MIL,2008-01-29,2007,80,87,1,,,,,421,421,,,,,,,,,,,,,,,,,,,,,,
422,422,POR,HOU,2008-01-25,2007,89,79,0,,,,,422,422,,,,,,,,,,,,,,,,,,,,,,
423,423,DAL,NYK,2008-03-10,2007,79,108,1,,,,,423,423,,,,,,,,,,,,,,,,,,,,,,
425,425,MIN,NOH,2007-11-17,2007,100,82,0,,,,,425,425,,,,,,,,,,,,,,,,,,,,,,
426,426,MIN,WAS,2007-11-16,2007,105,89,0,,,,,426,426,,,,,,,,,,,,,,,,,,,,,,
428,428,POR,CHI,2008-02-06,2007,97,100,1,,,,,428,428,,,,,,,,,,,,,,,,,,,,,,
429,429,POR,MIA,2007-12-06,2007,106,112,1,,,,,429,429,,,,,,,,,,,,,,,,,,,,,,
430,430,PHX,IND,2008-01-09,2007,122,129,1,,,,,430,430,,,,,,,,,,,,,,,,,,,,,,
431,431,NJN,LAC,2007-12-11,2007,91,82,0,,,,,431,431,,,,,,,,,,,,,,,,,,,,,,
434,434,NJN,UTA,2008-03-15,2007,115,117,1,,,,,434,434,,,,,,,,,,,,,,,,,,,,,,
435,435,MIN,POR,2008-01-02,2007,90,79,0,,,,,435,435,,,,,,,,,,,,,,,,,,,,,,
438,438,MIN,SAC,2007-11-14,2007,103,108,1,,,,,438,438,,,,,,,,,,,,,,,,,,,,,,
439,439,CLE,DET,2008-03-19,2007,73,89,1,,,,,439,439,,,,,,,,,,,,,,,,,,,,,,
441,441,POR,NYK,2008-02-01,2007,88,94,1,,,,,441,441,,,,,,,,,,,,,,,,,,,,,,
442,442,POR,SEA,2007-12-25,2007,79,89,1,,,,,442,442,,,,,,,,,,,,,,,,,,,,,,
444,444,MIN,NYK,2008-03-22,2007,93,114,1,,,,,444,444,,,,,,,,,,,,,,,,,,,,,,
448,448,DAL,POR,2007-11-30,2007,80,91,1,,,,,448,448,,,,,,,,,,,,,,,,,,,,,,
451,451,PHX,SAC,2007-11-21,2007,111,127,1,,,,,451,451,,,,,,,,,,,,,,,,,,,,,,
452,452,CHA,MIL,2007-11-02,2007,99,102,1,,,,,452,452,,,,,,,,,,,,,,,,,,,,,,
454,454,PHX,SEA,2008-01-03,2007,96,104,1,,,,,454,454,,,,,,,,,,,,,,,,,,,,,,
456,456,PHX,NYK,2007-11-13,2007,102,113,1,,,,,456,456,,,,,,,,,,,,,,,,,,,,,,
458,458,PHX,CLE,2007-11-04,2007,92,103,1,,,,,458,458,,,,,,,,,,,,,,,,,,,,,,
460,460,PHX,LAL,2007-11-02,2007,119,98,0,,,,,460,460,,,,,,,,,,,,,,,,,,,,,,
461,461,CLE,BOS,2007-11-27,2007,104,109,1,,,,,461,461,,,,,,,,,,,,,,,,,,,,,,
463,463,NJN,MEM,2007-11-27,2007,110,103,0,,,,,463,463,,,,,,,,,,,,,,,,,,,,,,
464,464,PHX,POR,2008-04-16,2007,91,100,1,,,,,464,464,,,,,,,,,,,,,,,,,,,,,,
465,465,CLE,CHA,2008-01-11,2007,106,113,1,,,,,465,465,,,,,,,,,,,,,,,,,,,,,,
467,467,NJN,ATL,2007-11-06,2007,82,87,1,,,,,467,467,,,,,,,,,,,,,,,,,,,,,,
469,469,NJN,WAS,2007-11-08,2007,85,87,1,,,,,469,469,,,,,,,,,,,,,,,,,,,,,,
472,472,PHX,NOH,2008-01-05,2007,118,113,0,,,,,472,472,,,,,,,,,,,,,,,,,,,,,,
473,473,NJN,GSW,2007-12-22,2007,95,100,1,,,,,473,473,,,,,,,,,,,,,,,,,,,,,,
474,474,NJN,SAC,2007-12-18,2007,106,101,0,,,,,474,474,,,,,,,,,,,,,,,,,,,,,,
476,476,NJN,SEA,2008-01-09,2007,88,99,1,,,,,476,476,,,,,,,,,,,,,,,,,,,,,,
478,478,PHX,CHI,2007-11-15,2007,102,112,1,,,,,478,478,,,,,,,,,,,,,,,,,,,,,,
480,480,CHA,LAL,2008-02-11,2007,106,97,0,,,,,480,480,,,,,,,,,,,,,,,,,,,,,,
481,481,CLE,ORL,2007-11-14,2007,117,116,0,,,,,481,481,,,,,,,,,,,,,,,,,,,,,,
482,482,PHX,PHI,2008-03-01,2007,119,114,0,,,,,482,482,,,,,,,,,,,,,,,,,,,,,,
483,483,CHA,MIN,2008-04-08,2007,119,121,1,,,,,483,483,,,,,,,,,,,,,,,,,,,,,,
484,484,CLE,MIL,2007-11-20,2007,111,107,0,,,,,484,484,,,,,,,,,,,,,,,,,,,,,,
485,485,CLE,TOR,2007-11-24,2007,108,111,1,,,,,485,485,,,,,,,,,,,,,,,,,,,,,,
487,487,NJN,TOR,2007-11-02,2007,106,69,0,,,,,487,487,,,,,,,,,,,,,,,,,,,,,,
488,488,CHA,TOR,2008-03-02,2007,98,110,1,,,,,488,488,,,,,,,,,,,,,,,,,,,,,,
489,489,CHA,GSW,2008-03-05,2007,109,118,1,,,,,489,489,,,,,,,,,,,,,,,,,,,,,,
491,491,PHX,TOR,2007-12-22,2007,103,122,1,,,,,491,491,,,,,,,,,,,,,,,,,,,,,,
493,493,MIN,BOS,2008-02-08,2007,88,86,0,,,,,493,493,,,,,,,,,,,,,,,,,,,,,,
494,494,CLE,SEA,2008-01-08,2007,79,95,1,,,,,494,494,,,,,,,,,,,,,,,,,,,,,,
495,495,NJN,SAS,2008-03-02,2007,93,83,0,,,,,495,495,,,,,,,,,,,,,,,,,,,,,,
497,497,CHA,MIA,2007-11-13,2007,76,91,1,,,,,497,497,,,,,,,,,,,,,,,,,,,,,,
498,498,NJN,DAL,2008-02-10,2007,82,101,1,,,,,498,498,,,,,,,,,,,,,,,,,,,,,,
500,500,CHA,HOU,2007-11-11,2007,85,82,0,,,,,500,500,,,,,,,,,,,,,,,,,,,,,,
501,501,NJN,ORL,2007-11-16,2007,95,70,0,,,,,501,501,,,,,,,,,,,,,,,,,,,,,,
503,503,CHA,IND,2007-11-09,2007,87,96,1,,,,,503,503,,,,,,,,,,,,,,,,,,,,,,
504,504,CHA,SEA,2007-11-17,2007,84,100,1,,,,,504,504,,,,,,,,,,,,,,,,,,,,,,
505,505,MIN,UTA,2008-02-26,2007,100,111,1,,,,,505,505,,,,,,,,,,,,,,,,,,,,,,
508,508,CHA,DEN,2008-01-14,2007,116,119,1,,,,,508,508,,,,,,,,,,,,,,,,,,,,,,
509,509,PHX,WAS,2008-02-10,2007,107,108,1,,,,,509,509,,,,,,,,,,,,,,,,,,,,,,
510,510,DAL,PHI,2007-11-13,2007,84,99,1,,,,,510,510,,,,,,,,,,,,,,,,,,,,,,
513,513,MIN,HOU,2008-02-04,2007,92,86,0,,,,,513,513,,,,,,,,,,,,,,,,,,,,,,
514,514,PHX,BOS,2008-02-22,2007,77,85,1,,,,,514,514,,,,,,,,,,,,,,,,,,,,,,
515,515,MIN,PHI,2008-02-19,2007,88,104,1,,,,,515,515,,,,,,,,,,,,,,,,,,,,,,
517,517,NJN,MIA,2007-11-17,2007,91,87,0,,,,,517,517,,,,,,,,,,,,,,,,,,,,,,
519,519,NJN,BOS,2007-11-10,2007,112,101,0,,,,,519,519,,,,,,,,,,,,,,,,,,,,,,
521,521,CLE,UTA,2007-11-16,2007,94,99,1,,,,,521,521,,,,,,,,,,,,,,,,,,,,,,
523,523,NJN,PHI,2007-12-01,2007,92,94,1,,,,,523,523,,,,,,,,,,,,,,,,,,,,,,
524,524,CHA,ATL,2008-02-13,2007,98,100,1,,,,,524,524,,,,,,,,,,,,,,,,,,,,,,
525,525,NJN,IND,2008-02-23,2007,91,102,1,,,,,525,525,,,,,,,,,,,,,,,,,,,,,,
526,526,PHX,UTA,2007-12-12,2007,98,103,1,,,,,526,526,,,,,,,,,,,,,,,,,,,,,,
527,527,CHA,WAS,2007-11-21,2007,114,111,0,,,,,527,527,,,,,,,,,,,,,,,,,,,,,,
528,528,CLE,SAC,2008-01-04,2007,93,97,1,,,,,528,528,,,,,,,,,,,,,,,,,,,,,,
529,529,CHA,DET,2008-01-12,2007,103,100,0,,,,,529,529,,,,,,,,,,,,,,,,,,,,,,
530,530,CHA,POR,2007-11-19,2007,92,101,1,,,,,530,530,,,,,,,,,,,,,,,,,,,,,,
531,531,CHA,NJN,2008-01-08,2007,99,115,1,,,,,531,531,,,,,,,,,,,,,,,,,,,,,,
532,532,MIN,LAC,2008-02-01,2007,83,104,1,,,,,532,532,,,,,,,,,,,,,,,,,,,,,,
534,534,CLE,NYK,2007-11-02,2007,106,110,1,,,,,534,534,,,,,,,,,,,,,,,,,,,,,,
535,535,DAL,LAC,2007-12-21,2007,89,102,1,,,,,535,535,,,,,,,,,,,,,,,,,,,,,,
536,536,DAL,SAS,2007-11-15,2007,92,105,1,,,,,536,536,,,,,,,,,,,,,,,,,,,,,,
538,538,SAC,DET,2007-11-18,2007,95,105,1,,,,,538,538,,,,,,,,,,,,,,,,,,,,,,
539,539,POR,SAS,2008-04-06,2007,72,65,0,,,,,539,539,,,,,,,,,,,,,,,,,,,,,,
540,540,POR,ATL,2008-01-27,2007,93,94,1,,,,,540,540,,,,,,,,,,,,,,,,,,,,,,
541,541,MIL,MIA,2008-01-09,2007,92,98,1,,,,,541,541,,,,,,,,,,,,,,,,,,,,,,
542,542,DAL,UTA,2007-12-08,2007,117,125,1,,,,,542,542,,,,,,,,,,,,,,,,,,,,,,
544,544,MIL,WAS,2008-01-04,2007,101,77,0,,,,,544,544,,,,,,,,,,,,,,,,,,,,,,
545,545,SAC,CHA,2008-01-30,2007,91,105,1,,,,,545,545,,,,,,,,,,,,,,,,,,,,,,
547,547,MIL,MEM,2007-11-14,2007,99,102,1,,,,,547,547,,,,,,,,,,,,,,,,,,,,,,
549,549,DAL,NOH,2007-12-14,2007,80,89,1,,,,,549,549,,,,,,,,,,,,,,,,,,,,,,
550,550,MIL,MIN,2007-12-15,2007,92,95,1,,,,,550,550,,,,,,,,,,,,,,,,,,,,,,
551,551,MIL,LAC,2008-02-11,2007,96,89,0,,,,,551,551,,,,,,,,,,,,,,,,,,,,,,
553,553,SAC,HOU,2007-12-01,2007,99,107,1,,,,,553,553,,,,,,,,,,,,,,,,,,,,,,
554,554,MIL,NOH,2008-02-13,2007,111,107,0,,,,,554,554,,,,,,,,,,,,,,,,,,,,,,
555,555,SAC,GSW,2007-11-28,2007,103,96,0,,,,,555,555,,,,,,,,,,,,,,,,,,,,,,
556,556,PHX,DEN,2008-01-07,2007,115,137,1,,,,,556,556,,,,,,,,,,,,,,,,,,,,,,
557,557,PHX,MEM,2008-03-11,2007,111,132,1,,,,,557,557,,,,,,,,,,,,,,,,,,,,,,
560,560,NOH,PHI,2007-11-14,2007,76,95,1,,,,,560,560,,,,,,,,,,,,,,,,,,,,,,
561,561,MIL,CLE,2008-02-26,2007,102,105,1,,,,,561,561,,,,,,,,,,,,,,,,,,,,,,
563,563,MIL,SEA,2008-03-05,2007,106,118,1,,,,,563,563,,,,,,,,,,,,,,,,,,,,,,
564,564,MIL,PHI,2007-11-27,2007,114,99,0,,,,,564,564,,,,,,,,,,,,,,,,,,,,,,
566,566,PHX,GSW,2008-03-13,2007,115,123,1,,,,,566,566,,,,,,,,,,,,,,,,,,,,,,
567,567,MIL,DAL,2007-11-24,2007,95,97,1,,,,,567,567,,,,,,,,,,,,,,,,,,,,,,
568,568,MIL,HOU,2008-02-02,2007,91,83,0,,,,,568,568,,,,,,,,,,,,,,,,,,,,,,
569,569,POR,PHX,2008-03-04,2007,97,92,0,,,,,569,569,,,,,,,,,,,,,,,,,,,,,,
570,570,DAL,CLE,2007-12-27,2007,88,81,0,,,,,570,570,,,,,,,,,,,,,,,,,,,,,,
571,571,MIL,SAS,2008-03-01,2007,96,94,0,,,,,571,571,,,,,,,,,,,,,,,,,,,,,,
572,572,MIL,GSW,2008-01-19,2007,119,99,0,,,,,572,572,,,,,,,,,,,,,,,,,,,,,,
573,573,MIL,TOR,2007-11-06,2007,85,112,1,,,,,573,573,,,,,,,,,,,,,,,,,,,,,,
574,574,MIL,CHI,2007-11-03,2007,72,78,1,,,,,574,574,,,,,,,,,,,,,,,,,,,,,,
575,575,NOH,DAL,2007-12-01,2007,108,112,1,,,,,575,575,,,,,,,,,,,,,,,,,,,,,,
577,577,MIL,DEN,2008-02-23,2007,109,115,1,,,,,577,577,,,,,,,,,,,,,,,,,,,,,,
578,578,POR,UTA,2007-12-14,2007,91,99,1,,,,,578,578,,,,,,,,,,,,,,,,,,,,,,
579,579,CHA,NOH,2007-12-28,2007,99,85,0,,,,,579,579,,,,,,,,,,,,,,,,,,,,,,
581,581,SAC,SAS,2007-11-26,2007,99,112,1,,,,,581,581,,,,,,,,,,,,,,,,,,,,,,
583,583,MIL,PHX,2008-01-22,2007,114,105,0,,,,,583,583,,,,,,,,,,,,,,,,,,,,,,
584,584,PHX,MIN,2008-01-18,2007,95,115,1,,,,,584,584,,,,,,,,,,,,,,,,,,,,,,
586,586,SAC,LAC,2007-12-07,2007,97,87,0,,,,,586,586,,,,,,,,,,,,,,,,,,,,,,
587,587,MIA,NYK,2008-01-19,2007,88,84,0,,,,,587,587,,,,,,,,,,,,,,,,,,,,,,
589,589,MIA,POR,2008-01-18,2007,98,91,0,,,,,589,589,,,,,,,,,,,,,,,,,,,,,,
590,590,MIA,SAS,2008-01-24,2007,90,89,0,,,,,590,590,,,,,,,,,,,,,,,,,,,,,,
592,592,MIA,GSW,2008-03-07,2007,134,99,0,,,,,592,592,,,,,,,,,,,,,,,,,,,,,,
594,594,MIA,ORL,2007-12-28,2007,121,114,0,,,,,594,594,,,,,,,,,,,,,,,,,,,,,,
595,595,SAC,NYK,2007-11-16,2007,118,123,1,,,,,595,595,,,,,,,,,,,,,,,,,,,,,,
597,597,CLE,NJN,2007-12-04,2007,100,79,0,,,,,597,597,,,,,,,,,,,,,,,,,,,,,,
598,598,MIA,MIL,2008-01-02,2007,103,98,0,,,,,598,598,,,,,,,,,,,,,,,,,,,,,,
599,599,CLE,DEN,2008-02-10,2007,113,83,0,,,,,599,599,,,,,,,,,,,,,,,,,,,,,,
600,600,PHI,MIA,2007-12-26,2007,85,96,1,,,,,600,600,,,,,,,,,,,,,,,,,,,,,,
601,601,MIA,LAC,2008-03-10,2007,99,98,0,,,,,601,601,,,,,,,,,,,,,,,,,,,,,,
602,602,SAC,PHX,2007-11-20,2007,100,98,0,,,,,602,602,,,,,,,,,,,,,,,,,,,,,,
604,604,MIA,CLE,2008-01-21,2007,97,90,0,,,,,604,604,,,,,,,,,,,,,,,,,,,,,,
608,608,PHX,SAS,2008-01-31,2007,84,81,0,,,,,608,608,,,,,,,,,,,,,,,,,,,,,,
610,610,CHA,UTA,2007-12-19,2007,92,98,1,,,,,610,610,,,,,,,,,,,,,,,,,,,,,,
611,611,DAL,CHI,2008-02-25,2007,94,102,1,,,,,611,611,,,,,,,,,,,,,,,,,,,,,,
612,612,MIL,POR,2008-03-07,2007,103,101,0,,,,,612,612,,,,,,,,,,,,,,,,,,,,,,
613,613,MIL,NJN,2007-12-29,2007,97,95,0,,,,,613,613,,,,,,,,,,,,,,,,,,,,,,
614,614,CHA,ORL,2007-12-14,2007,103,87,0,,,,,614,614,,,,,,,,,,,,,,,,,,,,,,
616,616,CHA,LAC,2007-12-12,2007,103,108,1,,,,,616,616,,,,,,,,,,,,,,,,,,,,,,
617,617,MIL,IND,2008-01-24,2007,92,104,1,,,,,617,617,,,,,,,,,,,,,,,,,,,,,,
619,619,MIL,BOS,2008-03-15,2007,99,77,0,,,,,619,619,,,,,,,,,,,,,,,,,,,,,,
622,622,NOH,SAS,2007-11-09,2007,97,85,0,,,,,622,622,,,,,,,,,,,,,,,,,,,,,,
623,623,SAC,BOS,2007-12-26,2007,89,69,0,,,,,623,623,,,,,,,,,,,,,,,,,,,,,,
625,625,MIA,DAL,2008-03-16,2007,98,73,0,,,,,625,625,,,,,,,,,,,,,,,,,,,,,,
626,626,SAC,DEN,2007-12-23,2007,106,105,0,,,,,626,626,,,,,,,,,,,,,,,,,,,,,,
627,627,MIL,UTA,2008-03-12,2007,114,110,0,,,,,627,627,,,,,,,,,,,,,,,,,,,,,,
628,628,DAL,NJN,2008-03-08,2007,91,111,1,,,,,628,628,,,,,,,,,,,,,,,,,,,,,,
629,629,PHX,LAC,2007-11-23,2007,94,113,1,,,,,629,629,,,,,,,,,,,,,,,,,,,,,,
630,630,MIL,DET,2007-12-01,2007,117,91,0,,,,,630,630,,,,,,,,,,,,,,,,,,,,,,
631,631,DAL,BOS,2008-03-20,2007,94,90,0,,,,,631,631,,,,,,,,,,,,,,,,,,,,,,
632,632,DAL,MIN,2007-11-28,2007,103,109,1,,,,,632,632,,,,,,,,,,,,,,,,,,,,,,
633,633,MIN,MIA,2008-01-08,2007,91,101,1,,,,,633,633,,,,,,,,,,,,,,,,,,,,,,
635,635,DAL,ATL,2007-12-29,2007,84,97,1,,,,,635,635,,,,,,,,,,,,,,,,,,,,,,
636,636,NJN,CHA,2008-01-04,2007,96,102,1,,,,,636,636,,,,,,,,,,,,,,,,,,,,,,
638,638,POR,LAL,2008-02-29,2007,111,119,1,,,,,638,638,,,,,,,,,,,,,,,,,,,,,,
639,639,NJN,LAL,2008-02-05,2007,105,90,0,,,,,639,639,,,,,,,,,,,,,,,,,,,,,,
640,640,PHX,HOU,2007-11-28,2007,100,94,0,,,,,640,640,,,,,,,,,,,,,,,,,,,,,,
643,643,MIL,CHA,2007-12-22,2007,99,103,1,,,,,643,643,,,,,,,,,,,,,,,,,,,,,,
645,645,NJN,POR,2008-01-14,2007,99,73,0,,,,,645,645,,,,,,,,,,,,,,,,,,,,,,
646,646,DAL,SEA,2008-01-19,2007,96,111,1,,,,,646,646,,,,,,,,,,,,,,,,,,,,,,
649,649,DAL,DET,2008-01-09,2007,86,102,1,,,,,649,649,,,,,,,,,,,,,,,,,,,,,,
652,652,POR,PHI,2007-12-30,2007,72,97,1,,,,,652,652,,,,,,,,,,,,,,,,,,,,,,
654,654,MIN,ATL,2007-11-24,2007,94,87,0,,,,,654,654,,,,,,,,,,,,,,,,,,,,,,
657,657,NJN,NOH,2007-11-12,2007,84,82,0,,,,,657,657,,,,,,,,,,,,,,,,,,,,,,
658,658,CHA,NYK,2007-12-21,2007,95,105,1,,,,,658,658,,,,,,,,,,,,,,,,,,,,,,
659,659,POR,BOS,2008-02-24,2007,112,102,0,,,,,659,659,,,,,,,,,,,,,,,,,,,,,,
660,660,MIN,ORL,2007-11-06,2007,111,103,0,,,,,660,660,,,,,,,,,,,,,,,,,,,,,,
661,661,MIN,DAL,2008-01-06,2007,101,78,0,,,,,661,661,,,,,,,,,,,,,,,,,,,,,,
662,662,DAL,CHA,2008-03-12,2007,93,118,1,,,,,662,662,,,,,,,,,,,,,,,,,,,,,,
663,663,POR,MIN,2007-12-28,2007,98,109,1,,,,,663,663,,,,,,,,,,,,,,,,,,,,,,
666,666,DAL,IND,2008-03-14,2007,97,116,1,,,,,666,666,,,,,,,,,,,,,,,,,,,,,,
667,667,MIN,DEN,2007-11-02,2007,99,91,0,,,,,667,667,,,,,,,,,,,,,,,,,,,,,,
670,670,MIN,MEM,2008-03-19,2007,94,98,1,,,,,670,670,,,,,,,,,,,,,,,,,,,,,,
672,672,DAL,GSW,2008-01-02,2007,99,121,1,,,,,672,672,,,,,,,,,,,,,,,,,,,,,,
673,673,POR,DEN,2007-12-21,2007,96,99,1,,,,,673,673,,,,,,,,,,,,,,,,,,,,,,
675,675,POR,CHA,2008-03-29,2007,93,85,0,,,,,675,675,,,,,,,,,,,,,,,,,,,,,,
677,677,PHX,MIL,2008-01-12,2007,114,122,1,,,,,677,677,,,,,,,,,,,,,,,,,,,,,,
678,678,POR,NOH,2007-11-07,2007,90,93,1,,,,,678,678,,,,,,,,,,,,,,,,,,,,,,
679,679,NOH,CLE,2007-12-29,2007,76,86,1,,,,,679,679,,,,,,,,,,,,,,,,,,,,,,
680,680,DAL,MEM,2007-11-17,2007,105,108,1,,,,,680,680,,,,,,,,,,,,,,,,,,,,,,
681,681,NOH,IND,2007-11-21,2007,105,93,0,,,,,681,681,,,,,,,,,,,,,,,,,,,,,,
682,682,PHX,NJN,2008-01-20,2007,92,116,1,,,,,682,682,,,,,,,,,,,,,,,,,,,,,,
683,683,POR,NJN,2007-11-21,2007,106,101,0,,,,,683,683,,,,,,,,,,,,,,,,,,,,,,
684,684,POR,WAS,2008-03-25,2007,82,102,1,,,,,684,684,,,,,,,,,,,,,,,,,,,,,,
685,685,POR,GSW,2007-12-12,2007,95,105,1,,,,,685,685,,,,,,,,,,,,,,,,,,,,,,
686,686,DAL,WAS,2007-11-26,2007,110,98,0,,,,,686,686,,,,,,,,,,,,,,,,,,,,,,
689,689,POR,SAC,2007-11-23,2007,84,87,1,,,,,689,689,,,,,,,,,,,,,,,,,,,,,,
691,691,MIL,ATL,2007-11-17,2007,96,105,1,,,,,691,691,,,,,,,,,,,,,,,,,,,,,,
692,692,MIL,NYK,2008-02-09,2007,99,98,0,,,,,692,692,,,,,,,,,,,,,,,,,,,,,,
693,693,MIL,LAL,2007-11-21,2007,103,110,1,,,,,693,693,,,,,,,,,,,,,,,,,,,,,,
694,694,NOH,PHX,2007-12-15,2007,98,101,1,,,,,694,694,,,,,,,,,,,,,,,,,,,,,,
695,695,NOH,SAC,2007-10-31,2007,90,104,1,,,,,695,695,,,,,,,,,,,,,,,,,,,,,,
696,696,CHA,CHI,2007-12-05,2007,91,82,0,,,,,696,696,,,,,,,,,,,,,,,,,,,,,,
697,697,POR,LAC,2008-03-21,2007,102,107,1,,,,,697,697,,,,,,,,,,,,,,,,,,,,,,
698,698,DAL,MIA,2008-01-04,2007,89,94,1,,,,,698,698,,,,,,,,,,,,,,,,,,,,,,
700,700,POR,DET,2007-11-13,2007,94,102,1,,,,,700,700,,,,,,,,,,,,,,,,,,,,,,
703,703,DAL,LAL,2008-01-25,2007,105,112,1,,,,,703,703,,,,,,,,,,,,,,,,,,,,,,
705,705,POR,ORL,2007-11-26,2007,85,74,0,,,,,705,705,,,,,,,,,,,,,,,,,,,,,,
706,706,NJN,PHX,2008-03-29,2007,110,104,0,,,,,706,706,,,,,,,,,,,,,,,,,,,,,,
707,707,CHA,CLE,2007-12-08,2007,93,96,1,,,,,707,707,,,,,,,,,,,,,,,,,,,,,,
708,708,POR,MIL,2007-12-09,2007,113,117,1,,,,,708,708,,,,,,,,,,,,,,,,,,,,,,
709,709,DAL,TOR,2007-11-20,2007,99,105,1,,,,,709,709,,,,,,,,,,,,,,,,,,,,,,
710,710,NOH,DET,2007-12-05,2007,91,76,0,,,,,710,710,,,,,,,,,,,,,,,,,,,,,,
711,711,POR,DAL,2007-11-10,2007,82,91,1,,,,,711,711,,,,,,,,,,,,,,,,,,,,,,
712,712,POR,TOR,2007-12-19,2007,96,101,1,,,,,712,712,,,,,,,,,,,,,,,,,,,,,,
713,713,POR,MEM,2007-11-09,2007,98,110,1,,,,,713,713,,,,,,,,,,,,,,,,,,,,,,
714,714,MIL,ORL,2007-12-12,2007,86,100,1,,,,,714,714,,,,,,,,,,,,,,,,,,,,,,
716,716,POR,IND,2007-11-28,2007,95,89,0,,,,,716,716,,,,,,,,,,,,,,,,,,,,,,
717,717,MIL,SAC,2007-12-19,2007,102,89,0,,,,,717,717,,,,,,,,,,,,,,,,,,,,,,
718,718,PHI,NJN,2007-11-03,2007,93,88,0,,,,,718,718,,,,,,,,,,,,,,,,,,,,,,
720,720,IND,SEA,2008-03-11,2007,107,114,1,,,,,720,720,,,,,,,,,,,,,,,,,,,,,,
721,721,CHI,CLE,2008-03-06,2007,96,107,1,,,,,721,721,,,,,,,,,,,,,,,,,,,,,,
723,723,CHI,PHI,2007-11-02,2007,96,85,0,,,,,723,723,,,,,,,,,,,,,,,,,,,,,,
724,724,IND,CLE,2007-11-25,2007,111,106,0,,,,,724,724,,,,,,,,,,,,,,,,,,,,,,
725,725,UTA,PHI,2008-01-02,2007,107,110,1,,,,,725,725,,,,,,,,,,,,,,,,,,,,,,
727,727,CHI,ATL,2007-11-27,2007,78,90,1,,,,,727,727,,,,,,,,,,,,,,,,,,,,,,
728,728,IND,UTA,2007-11-17,2007,97,117,1,,,,,728,728,,,,,,,,,,,,,,,,,,,,,,
729,729,CHI,IND,2008-01-23,2007,95,108,1,,,,,729,729,,,,,,,,,,,,,,,,,,,,,,
730,730,UTA,SEA,2007-12-15,2007,75,96,1,,,,,730,730,,,,,,,,,,,,,,,,,,,,,,
731,731,NYK,CHA,2008-02-27,2007,89,113,1,,,,,731,731,,,,,,,,,,,,,,,,,,,,,,
733,733,HOU,SAS,2007-11-06,2007,81,89,1,,,,,733,733,,,,,,,,,,,,,,,,,,,,,,
734,734,UTA,IND,2008-01-08,2007,89,111,1,,,,,734,734,,,,,,,,,,,,,,,,,,,,,,
735,735,ORL,BOS,2007-11-18,2007,102,104,1,,,,,735,735,,,,,,,,,,,,,,,,,,,,,,
737,737,IND,ATL,2008-01-04,2007,91,113,1,,,,,737,737,,,,,,,,,,,,,,,,,,,,,,
738,738,UTA,POR,2007-12-11,2007,97,89,0,,,,,738,738,,,,,,,,,,,,,,,,,,,,,,
739,739,NYK,SAS,2008-02-08,2007,99,93,0,,,,,739,739,,,,,,,,,,,,,,,,,,,,,,
740,740,UTA,DET,2008-02-27,2007,95,103,1,,,,,740,740,,,,,,,,,,,,,,,,,,,,,,
741,741,UTA,CLE,2007-11-07,2007,101,103,1,,,,,741,741,,,,,,,,,,,,,,,,,,,,,,
742,742,NYK,NOH,2008-03-03,2007,100,88,0,,,,,742,742,,,,,,,,,,,,,,,,,,,,,,
746,746,CHI,MEM,2008-03-04,2007,97,112,1,,,,,746,746,,,,,,,,,,,,,,,,,,,,,,
747,747,DET,POR,2008-02-08,2007,82,91,1,,,,,747,747,,,,,,,,,,,,,,,,,,,,,,
748,748,DET,MIA,2008-02-06,2007,95,100,1,,,,,748,748,,,,,,,,,,,,,,,,,,,,,,
750,750,NYK,DEN,2007-11-06,2007,112,119,1,,,,,750,750,,,,,,,,,,,,,,,,,,,,,,
752,752,NYK,POR,2008-03-08,2007,120,114,0,,,,,752,752,,,,,,,,,,,,,,,,,,,,,,
754,754,DET,HOU,2007-12-23,2007,82,94,1,,,,,754,754,,,,,,,,,,,,,,,,,,,,,,
755,755,DET,NYK,2007-11-21,2007,86,98,1,,,,,755,755,,,,,,,,,,,,,,,,,,,,,,
756,756,HOU,MIL,2007-11-09,2007,88,104,1,,,,,756,756,,,,,,,,,,,,,,,,,,,,,,
757,757,ORL,SEA,2007-11-13,2007,76,103,1,,,,,757,757,,,,,,,,,,,,,,,,,,,,,,
758,758,ORL,PHX,2007-11-10,2007,106,96,0,,,,,758,758,,,,,,,,,,,,,,,,,,,,,,
759,759,CHI,WAS,2008-02-29,2007,97,91,0,,,,,759,759,,,,,,,,,,,,,,,,,,,,,,
761,761,HOU,LAC,2008-04-16,2007,75,93,1,,,,,761,761,,,,,,,,,,,,,,,,,,,,,,
762,762,IND,POR,2008-02-09,2007,93,101,1,,,,,762,762,,,,,,,,,,,,,,,,,,,,,,
763,763,CHI,SAC,2008-01-05,2007,93,94,1,,,,,763,763,,,,,,,,,,,,,,,,,,,,,,
765,765,CHI,NOH,2008-02-12,2007,100,86,0,,,,,765,765,,,,,,,,,,,,,,,,,,,,,,
766,766,IND,PHI,2007-12-19,2007,85,102,1,,,,,766,766,,,,,,,,,,,,,,,,,,,,,,
767,767,IND,PHX,2007-12-04,2007,121,117,0,,,,,767,767,,,,,,,,,,,,,,,,,,,,,,
768,768,UTA,TOR,2008-03-17,2007,79,96,1,,,,,768,768,,,,,,,,,,,,,,,,,,,,,,
769,769,UTA,ORL,2008-01-12,2007,115,119,1,,,,,769,769,,,,,,,,,,,,,,,,,,,,,,
770,770,NYK,GSW,2007-11-20,2007,108,82,0,,,,,770,770,,,,,,,,,,,,,,,,,,,,,,
771,771,UTA,DAL,2007-12-26,2007,90,99,1,,,,,771,771,,,,,,,,,,,,,,,,,,,,,,
772,772,UTA,CHA,2008-03-25,2007,106,128,1,,,,,772,772,,,,,,,,,,,,,,,,,,,,,,
773,773,CHI,MIA,2008-02-14,2007,92,99,1,,,,,773,773,,,,,,,,,,,,,,,,,,,,,,
775,775,GSW,IND,2008-01-13,2007,101,106,1,,,,,775,775,,,,,,,,,,,,,,,,,,,,,,
777,777,IND,DAL,2007-11-23,2007,107,111,1,,,,,777,777,,,,,,,,,,,,,,,,,,,,,,
779,779,GSW,CHI,2008-02-07,2007,114,108,0,,,,,779,779,,,,,,,,,,,,,,,,,,,,,,
780,780,GSW,NOH,2008-01-04,2007,116,104,0,,,,,780,780,,,,,,,,,,,,,,,,,,,,,,
781,781,GSW,LAC,2007-11-16,2007,105,122,1,,,,,781,781,,,,,,,,,,,,,,,,,,,,,,
783,783,GSW,ORL,2007-12-03,2007,123,117,0,,,,,783,783,,,,,,,,,,,,,,,,,,,,,,
784,784,IND,NOH,2008-03-25,2007,114,106,0,,,,,784,784,,,,,,,,,,,,,,,,,,,,,,
785,785,DET,NJN,2007-12-02,2007,95,118,1,,,,,785,785,,,,,,,,,,,,,,,,,,,,,,
787,787,IND,LAL,2007-11-20,2007,134,114,0,,,,,787,787,,,,,,,,,,,,,,,,,,,,,,
788,788,IND,MIN,2008-03-21,2007,113,124,1,,,,,788,788,,,,,,,,,,,,,,,,,,,,,,
789,789,NYK,TOR,2008-01-11,2007,99,90,0,,,,,789,789,,,,,,,,,,,,,,,,,,,,,,
790,790,IND,BOS,2007-11-13,2007,101,86,0,,,,,790,790,,,,,,,,,,,,,,,,,,,,,,
791,791,GSW,CHA,2008-02-01,2007,96,127,1,,,,,791,791,,,,,,,,,,,,,,,,,,,,,,
792,792,CHI,UTA,2008-03-11,2007,96,108,1,,,,,792,792,,,,,,,,,,,,,,,,,,,,,,
793,793,CHI,ORL,2007-12-31,2007,112,110,0,,,,,793,793,,,,,,,,,,,,,,,,,,,,,,
795,795,NYK,MIL,2007-11-30,2007,88,91,1,,,,,795,795,,,,,,,,,,,,,,,,,,,,,,
796,796,ATL,BOS,2008-04-12,2007,99,89,0,,,,,796,796,,,,,,,,,,,,,,,,,,,,,,
799,799,UTA,MEM,2007-11-10,2007,94,118,1,,,,,799,799,,,,,,,,,,,,,,,,,,,,,,
801,801,ORL,TOR,2008-03-04,2007,87,102,1,,,,,801,801,,,,,,,,,,,,,,,,,,,,,,
802,802,HOU,DAL,2007-11-21,2007,100,94,0,,,,,802,802,,,,,,,,,,,,,,,,,,,,,,
804,804,LAC,DET,2008-03-01,2007,103,73,0,,,,,804,804,,,,,,,,,,,,,,,,,,,,,,
806,806,ORL,WAS,2008-03-19,2007,87,86,0,,,,,806,806,,,,,,,,,,,,,,,,,,,,,,
807,807,UTA,GSW,2007-11-03,2007,110,133,1,,,,,807,807,,,,,,,,,,,,,,,,,,,,,,
812,812,DET,WAS,2008-04-11,2007,74,102,1,,,,,812,812,,,,,,,,,,,,,,,,,,,,,,
813,813,ORL,GSW,2008-03-08,2007,104,95,0,,,,,813,813,,,,,,,,,,,,,,,,,,,,,,
814,814,UTA,HOU,2007-11-01,2007,106,95,0,,,,,814,814,,,,,,,,,,,,,,,,,,,,,,
815,815,CHI,PHX,2008-01-27,2007,88,77,0,,,,,815,815,,,,,,,,,,,,,,,,,,,,,,
816,816,DET,MIN,2008-04-15,2007,103,115,1,,,,,816,816,,,,,,,,,,,,,,,,,,,,,,
819,819,ORL,LAC,2008-03-12,2007,88,110,1,,,,,819,819,,,,,,,,,,,,,,,,,,,,,,
823,823,HOU,CLE,2008-02-07,2007,77,92,1,,,,,823,823,,,,,,,,,,,,,,,,,,,,,,
828,828,DET,LAC,2007-11-09,2007,79,103,1,,,,,828,828,,,,,,,,,,,,,,,,,,,,,,
832,832,LAC,PHI,2008-03-03,2007,106,80,0,,,,,832,832,,,,,,,,,,,,,,,,,,,,,,
833,833,ORL,SAS,2008-03-25,2007,107,97,0,,,,,833,833,,,,,,,,,,,,,,,,,,,,,,
834,834,LAC,ATL,2008-01-30,2007,88,95,1,,,,,834,834,,,,,,,,,,,,,,,,,,,,,,
835,835,DET,DAL,2008-02-03,2007,67,90,1,,,,,835,835,,,,,,,,,,,,,,,,,,,,,,
841,841,IND,DET,2007-12-29,2007,98,92,0,,,,,841,841,,,,,,,,,,,,,,,,,,,,,,
842,842,IND,CHA,2008-03-19,2007,95,102,1,,,,,842,842,,,,,,,,,,,,,,,,,,,,,,
844,844,UTA,MIA,2007-12-03,2007,101,110,1,,,,,844,844,,,,,,,,,,,,,,,,,,,,,,
845,845,IND,MIL,2008-03-02,2007,106,128,1,,,,,845,845,,,,,,,,,,,,,,,,,,,,,,
847,847,IND,NYK,2008-03-17,2007,98,110,1,,,,,847,847,,,,,,,,,,,,,,,,,,,,,,
848,848,IND,MEM,2008-01-02,2007,90,72,0,,,,,848,848,,,,,,,,,,,,,,,,,,,,,,
849,849,CHI,MIN,2008-01-29,2007,85,96,1,,,,,849,849,,,,,,,,,,,,,,,,,,,,,,
854,854,ATL,DET,2007-12-04,2007,106,95,0,,,,,854,854,,,,,,,,,,,,,,,,,,,,,,
855,855,HOU,SAC,2008-02-13,2007,87,89,1,,,,,855,855,,,,,,,,,,,,,,,,,,,,,,
856,856,UTA,SAS,2008-01-28,2007,91,97,1,,,,,856,856,,,,,,,,,,,,,,,,,,,,,,
858,858,LAC,LAL,2008-02-23,2007,113,95,0,,,,,858,858,,,,,,,,,,,,,,,,,,,,,,
859,859,NYK,MEM,2008-03-21,2007,120,106,0,,,,,859,859,,,,,,,,,,,,,,,,,,,,,,
860,860,LAC,BOS,2008-02-25,2007,104,76,0,,,,,860,860,,,,,,,,,,,,,,,,,,,,,,
862,862,IND,DEN,2007-11-10,2007,113,106,0,,,,,862,862,,,,,,,,,,,,,,,,,,,,,,
863,863,LAC,CHA,2008-01-28,2007,107,100,0,,,,,863,863,,,,,,,,,,,,,,,,,,,,,,
864,864,LAC,NJN,2008-01-19,2007,107,120,1,,,,,864,864,,,,,,,,,,,,,,,,,,,,,,
866,866,LAC,POR,2008-02-27,2007,82,80,0,,,,,866,866,,,,,,,,,,,,,,,,,,,,,,
867,867,UTA,ATL,2008-02-23,2007,94,100,1,,,,,867,867,,,,,,,,,,,,,,,,,,,,,,
869,869,LAC,DEN,2007-11-21,2007,90,101,1,,,,,869,869,,,,,,,,,,,,,,,,,,,,,,
870,870,NYK,ATL,2008-03-16,2007,109,98,0,,,,,870,870,,,,,,,,,,,,,,,,,,,,,,
871,871,LAC,DAL,2008-01-12,2007,95,94,0,,,,,871,871,,,,,,,,,,,,,,,,,,,,,,
872,872,GSW,DET,2007-11-14,2007,111,104,0,,,,,872,872,,,,,,,,,,,,,,,,,,,,,,
873,873,NYK,UTA,2007-11-26,2007,109,113,1,,,,,873,873,,,,,,,,,,,,,,,,,,,,,,
875,875,ORL,UTA,2007-12-21,2007,113,94,0,,,,,875,875,,,,,,,,,,,,,,,,,,,,,,
876,876,ORL,NYK,2007-12-26,2007,96,110,1,,,,,876,876,,,,,,,,,,,,,,,,,,,,,,
878,878,HOU,NOH,2008-01-13,2007,87,82,0,,,,,878,878,,,,,,,,,,,,,,,,,,,,,,
879,879,WAS,PHX,2007-12-07,2007,122,107,0,,,,,879,879,,,,,,,,,,,,,,,,,,,,,,
884,884,WAS,LAC,2008-03-15,2007,109,119,1,,,,,884,884,,,,,,,,,,,,,,,,,,,,,,
886,886,WAS,MIL,2008-03-11,2007,97,105,1,,,,,886,886,,,,,,,,,,,,,,,,,,,,,,
890,890,HOU,DEN,2007-11-24,2007,81,109,1,,,,,890,890,,,,,,,,,,,,,,,,,,,,,,
891,891,WAS,NOH,2008-03-02,2007,84,101,1,,,,,891,891,,,,,,,,,,,,,,,,,,,,,,
892,892,WAS,TOR,2007-12-01,2007,97,101,1,,,,,892,892,,,,,,,,,,,,,,,,,,,,,,
894,894,CHI,DET,2007-11-08,2007,93,97,1,,,,,894,894,,,,,,,,,,,,,,,,,,,,,,
895,895,IND,GSW,2008-01-16,2007,117,125,1,,,,,895,895,,,,,,,,,,,,,,,,,,,,,,
896,896,ORL,ATL,2007-12-10,2007,98,87,0,,,,,896,896,,,,,,,,,,,,,,,,,,,,,,
897,897,ORL,MEM,2007-12-15,2007,123,119,0,,,,,897,897,,,,,,,,,,,,,,,,,,,,,,
898,898,WAS,ATL,2007-12-21,2007,97,92,0,,,,,898,898,,,,,,,,,,,,,,,,,,,,,,
899,899,ATL,WAS,2007-11-11,2007,101,90,0,,,,,899,899,,,,,,,,,,,,,,,,,,,,,,
901,901,GSW,LAL,2007-12-14,2007,106,108,1,,,,,901,901,,,,,,,,,,,,,,,,,,,,,,
902,902,IND,NJN,2008-02-22,2007,103,113,1,,,,,902,902,,,,,,,,,,,,,,,,,,,,,,
903,903,ATL,MIA,2007-12-19,2007,111,114,1,,,,,903,903,,,,,,,,,,,,,,,,,,,,,,
904,904,GSW,MIN,2007-12-26,2007,101,105,1,,,,,904,904,,,,,,,,,,,,,,,,,,,,,,
905,905,HOU,PHI,2008-01-15,2007,111,107,0,,,,,905,905,,,,,,,,,,,,,,,,,,,,,,
906,906,HOU,MEM,2007-12-05,2007,92,105,1,,,,,906,906,,,,,,,,,,,,,,,,,,,,,,
907,907,ATL,NOH,2007-11-30,2007,92,86,0,,,,,907,907,,,,,,,,,,,,,,,,,,,,,,
908,908,ATL,TOR,2007-12-11,2007,100,88,0,,,,,908,908,,,,,,,,,,,,,,,,,,,,,,
909,909,WAS,MIA,2007-12-29,2007,74,96,1,,,,,909,909,,,,,,,,,,,,,,,,,,,,,,
910,910,HOU,TOR,2007-12-29,2007,79,91,1,,,,,910,910,,,,,,,,,,,,,,,,,,,,,,
911,911,WAS,HOU,2008-01-08,2007,92,84,0,,,,,911,911,,,,,,,,,,,,,,,,,,,,,,
912,912,HOU,NJN,2008-03-10,2007,73,91,1,,,,,912,912,,,,,,,,,,,,,,,,,,,,,,
915,915,CHI,DAL,2007-12-03,2007,103,98,0,,,,,915,915,,,,,,,,,,,,,,,,,,,,,,
917,917,GSW,SEA,2008-02-26,2007,99,105,1,,,,,917,917,,,,,,,,,,,,,,,,,,,,,,
918,918,WAS,CHA,2008-02-23,2007,95,110,1,,,,,918,918,,,,,,,,,,,,,,,,,,,,,,
920,920,GSW,POR,2008-03-02,2007,104,110,1,,,,,920,920,,,,,,,,,,,,,,,,,,,,,,
921,921,WAS,DET,2008-01-02,2007,106,93,0,,,,,921,921,,,,,,,,,,,,,,,,,,,,,,
922,922,WAS,SEA,2008-01-06,2007,86,108,1,,,,,922,922,,,,,,,,,,,,,,,,,,,,,,
924,924,WAS,SAS,2008-02-06,2007,85,77,0,,,,,924,924,,,,,,,,,,,,,,,,,,,,,,
925,925,WAS,LAL,2008-02-03,2007,103,91,0,,,,,925,925,,,,,,,,,,,,,,,,,,,,,,
926,926,WAS,UTA,2008-02-01,2007,96,87,0,,,,,926,926,,,,,,,,,,,,,,,,,,,,,,
927,927,GSW,TOR,2008-03-12,2007,106,117,1,,,,,927,927,,,,,,,,,,,,,,,,,,,,,,
931,931,HOU,DET,2007-12-12,2007,77,80,1,,,,,931,931,,,,,,,,,,,,,,,,,,,,,,
932,932,WAS,BOS,2008-01-12,2007,78,85,1,,,,,932,932,,,,,,,,,,,,,,,,,,,,,,
933,933,HOU,CHA,2008-03-14,2007,80,89,1,,,,,933,933,,,,,,,,,,,,,,,,,,,,,,
934,934,HOU,BOS,2008-03-18,2007,94,74,0,,,,,934,934,,,,,,,,,,,,,,,,,,,,,,
935,935,WAS,NYK,2008-01-18,2007,98,111,1,,,,,935,935,,,,,,,,,,,,,,,,,,,,,,
938,938,WAS,DAL,2008-01-21,2007,84,102,1,,,,,938,938,,,,,,,,,,,,,,,,,,,,,,
939,939,WAS,SAC,2007-12-15,2007,79,92,1,,,,,939,939,,,,,,,,,,,,,,,,,,,,,,
940,940,GSW,PHI,2008-02-29,2007,97,119,1,,,,,940,940,,,,,,,,,,,,,,,,,,,,,,
942,942,CHI,LAL,2007-12-18,2007,103,91,0,,,,,942,942,,,,,,,,,,,,,,,,,,,,,,
943,943,ATL,ORL,2008-03-22,2007,90,98,1,,,,,943,943,,,,,,,,,,,,,,,,,,,,,,
944,944,CHI,CHA,2007-12-01,2007,95,111,1,,,,,944,944,,,,,,,,,,,,,,,,,,,,,,
945,945,HOU,IND,2008-03-05,2007,99,117,1,,,,,945,945,,,,,,,,,,,,,,,,,,,,,,
946,946,WAS,MEM,2008-01-25,2007,93,104,1,,,,,946,946,,,,,,,,,,,,,,,,,,,,,,
948,948,ATL,UTA,2007-12-17,2007,111,116,1,,,,,948,948,,,,,,,,,,,,,,,,,,,,,,
949,949,ORL,IND,2007-12-07,2007,115,109,0,,,,,949,949,,,,,,,,,,,,,,,,,,,,,,
950,950,ATL,MEM,2007-12-08,2007,78,86,1,,,,,950,950,,,,,,,,,,,,,,,,,,,,,,
952,952,ATL,LAL,2008-02-06,2007,95,98,1,,,,,952,952,,,,,,,,,,,,,,,,,,,,,,
953,953,GSW,SAC,2008-02-09,2007,102,105,1,,,,,953,953,,,,,,,,,,,,,,,,,,,,,,
954,954,UTA,NYK,2008-01-30,2007,89,100,1,,,,,954,954,,,,,,,,,,,,,,,,,,,,,,
955,955,GSW,SAS,2007-12-11,2007,84,96,1,,,,,955,955,,,,,,,,,,,,,,,,,,,,,,
956,956,ATL,GSW,2008-03-04,2007,135,118,0,,,,,956,956,,,,,,,,,,,,,,,,,,,,,,
957,957,CHI,BOS,2007-12-08,2007,92,81,0,,,,,957,957,,,,,,,,,,,,,,,,,,,,,,
959,959,IND,SAC,2008-01-19,2007,110,104,0,,,,,959,959,,,,,,,,,,,,,,,,,,,,,,
960,960,GSW,MEM,2008-01-11,2007,104,116,1,,,,,960,960,,,,,,,,,,,,,,,,,,,,,,
961,961,ATL,PHX,2007-11-07,2007,96,105,1,,,,,961,961,,,,,,,,,,,,,,,,,,,,,,
962,962,GSW,BOS,2008-02-20,2007,117,119,1,,,,,962,962,,,,,,,,,,,,,,,,,,,,,,
964,964,ORL,DET,2007-11-02,2007,116,92,0,,,,,964,964,,,,,,,,,,,,,,,,,,,,,,
965,965,ATL,DAL,2007-11-02,2007,94,101,1,,,,,965,965,,,,,,,,,,,,,,,,,,,,,,
966,966,IND,MIA,2007-11-02,2007,85,87,1,,,,,966,966,,,,,,,,,,,,,,,,,,,,,,
967,967,HOU,LAL,2007-11-14,2007,93,90,0,,,,,967,967,,,,,,,,,,,,,,,,,,,,,,
968,968,IND,HOU,2008-02-01,2007,106,103,0,,,,,968,968,,,,,,,,,,,,,,,,,,,,,,
969,969,GSW,ATL,2008-02-22,2007,117,110,0,,,,,969,969,,,,,,,,,,,,,,,,,,,,,,
970,970,CHI,SEA,2007-12-11,2007,96,123,1,,,,,970,970,,,,,,,,,,,,,,,,,,,,,,
971,971,CHI,DEN,2008-02-22,2007,121,135,1,,,,,971,971,,,,,,,,,,,,,,,,,,,,,,
973,973,IND,WAS,2007-10-31,2007,110,119,1,,,,,973,973,,,,,,,,,,,,,,,,,,,,,,
975,975,UTA,BOS,2007-12-29,2007,104,98,0,,,,,975,975,,,,,,,,,,,,,,,,,,,,,,
976,976,NYK,CHI,2007-11-24,2007,78,85,1,,,,,976,976,,,,,,,,,,,,,,,,,,,,,,
977,977,NYK,ORL,2007-11-09,2007,112,102,0,,,,,977,977,,,,,,,,,,,,,,,,,,,,,,
979,979,UTA,LAL,2007-11-30,2007,96,120,1,,,,,979,979,,,,,,,,,,,,,,,,,,,,,,
980,980,IND,ORL,2008-02-02,2007,121,115,0,,,,,980,980,,,,,,,,,,,,,,,,,,,,,,
982,982,UTA,NOH,2007-11-23,2007,71,99,1,,,,,982,982,,,,,,,,,,,,,,,,,,,,,,
983,983,UTA,MIL,2008-01-14,2007,87,98,1,,,,,983,983,,,,,,,,,,,,,,,,,,,,,,
984,984,UTA,DEN,2008-03-08,2007,105,132,1,,,,,984,984,,,,,,,,,,,,,,,,,,,,,,
985,985,NYK,LAC,2008-02-04,2007,103,94,0,,,,,985,985,,,,,,,,,,,,,,,,,,,,,,
986,986,NYK,MIA,2007-11-11,2007,75,72,0,,,,,986,986,,,,,,,,,,,,,,,,,,,,,,
988,988,DET,GSW,2007-12-16,2007,87,109,1,,,,,988,988,,,,,,,,,,,,,,,,,,,,,,
989,989,IND,SAS,2008-02-05,2007,116,89,0,,,,,989,989,,,,,,,,,,,,,,,,,,,,,,
990,990,CHI,NYK,2007-12-14,2007,96,101,1,,,,,990,990,,,,,,,,,,,,,,,,,,,,,,
991,991,ATL,IND,2007-12-26,2007,95,107,1,,,,,991,991,,,,,,,,,,,,,,,,,,,,,,
992,992,WAS,CHI,2007-12-19,2007,95,84,0,,,,,992,992,,,,,,,,,,,,,,,,,,,,,,
994,994,GSW,DEN,2007-12-28,2007,124,120,0,,,,,994,994,,,,,,,,,,,,,,,,,,,,,,
995,995,ATL,CHA,2007-11-14,2007,109,117,1,,,,,995,995,,,,,,,,,,,,,,,,,,,,,,
996,996,WAS,CLE,2007-12-05,2007,86,105,1,,,,,996,996,,,,,,,,,,,,,,,,,,,,,,
998,998,ATL,MIL,2007-11-28,2007,80,96,1,,,,,998,998,,,,,,,,,,,,,,,,,,,,,,
1002,1002,WAS,NJN,2007-12-09,2007,89,104,1,,,,,1002,1002,,,,,,,,,,,,,,,,,,,,,,
1003,1003,WAS,MIN,2007-12-11,2007,88,102,1,,,,,1003,1003,,,,,,,,,,,,,,,,,,,,,,
1006,1006,IND,CHI,2007-12-12,2007,102,117,1,,,,,1006,1006,,,,,,,,,,,,,,,,,,,,,,
1008,1008,GSW,MIL,2007-12-05,2007,90,120,1,,,,,1008,1008,,,,,,,,,,,,,,,,,,,,,,
1009,1009,UTA,PHX,2008-01-10,2007,86,108,1,,,,,1009,1009,,,,,,,,,,,,,,,,,,,,,,
1010,1010,ATL,LAC,2008-03-14,2007,93,117,1,,,,,1010,1010,,,,,,,,,,,,,,,,,,,,,,
1012,1012,UTA,WAS,2008-03-31,2007,87,129,1,,,,,1012,1012,,,,,,,,,,,,,,,,,,,,,,
1013,1013,HOU,ORL,2007-12-19,2007,97,92,0,,,,,1013,1013,,,,,,,,,,,,,,,,,,,,,,
1015,1015,IND,LAC,2007-11-07,2007,104,89,0,,,,,1015,1015,,,,,,,,,,,,,,,,,,,,,,
1016,1016,ATL,HOU,2008-03-12,2007,83,75,0,,,,,1016,1016,,,,,,,,,,,,,,,,,,,,,,
1017,1017,ORL,CHA,2007-11-23,2007,92,105,1,,,,,1017,1017,,,,,,,,,,,,,,,,,,,,,,
1018,1018,GSW,WAS,2008-02-11,2007,117,120,1,,,,,1018,1018,,,,,,,,,,,,,,,,,,,,,,
1021,1021,HOU,POR,2007-11-03,2007,80,89,1,,,,,1021,1021,,,,,,,,,,,,,,,,,,,,,,
1022,1022,GSW,MIA,2007-12-07,2007,113,120,1,,,,,1022,1022,,,,,,,,,,,,,,,,,,,,,,
1024,1024,CHI,POR,2008-01-03,2007,115,109,0,,,,,1024,1024,,,,,,,,,,,,,,,,,,,,,,
1025,1025,IND,TOR,2007-12-14,2007,104,93,0,,,,,1025,1025,,,,,,,,,,,,,,,,,,,,,,
1026,1026,ORL,MIA,2007-11-24,2007,99,120,1,,,,,1026,1026,,,,,,,,,,,,,,,,,,,,,,
1027,1027,UTA,MIN,2008-03-05,2007,76,105,1,,,,,1027,1027,,,,,,,,,,,,,,,,,,,,,,
1029,1029,HOU,ATL,2008-02-09,2007,89,108,1,,,,,1029,1029,,,,,,,,,,,,,,,,,,,,,,
1030,1030,NYK,WAS,2008-01-15,2007,93,105,1,,,,,1030,1030,,,,,,,,,,,,,,,,,,,,,,
1033,1033,WAS,PHI,2007-11-20,2007,101,116,1,,,,,1033,1033,,,,,,,,,,,,,,,,,,,,,,
1035,1035,WAS,POR,2007-11-17,2007,90,109,1,,,,,1035,1035,,,,,,,,,,,,,,,,,,,,,,
1036,1036,DEN,SAS,2008-01-03,2007,77,80,1,,,,,1036,1036,,,,,,,,,,,,,,,,,,,,,,
1042,1042,PHI,HOU,2007-12-10,2007,88,100,1,,,,,1042,1042,,,,,,,,,,,,,,,,,,,,,,
1043,1043,DEN,DET,2008-02-25,2007,98,93,0,,,,,1043,1043,,,,,,,,,,,,,,,,,,,,,,
1046,1046,NYK,IND,2007-12-17,2007,119,92,0,,,,,1046,1046,,,,,,,,,,,,,,,,,,,,,,
1047,1047,TOR,WAS,2008-01-30,2007,83,122,1,,,,,1047,1047,,,,,,,,,,,,,,,,,,,,,,
1049,1049,NYK,DAL,2007-12-10,2007,99,89,0,,,,,1049,1049,,,,,,,,,,,,,,,,,,,,,,
1054,1054,ORL,HOU,2008-01-04,2007,96,94,0,,,,,1054,1054,,,,,,,,,,,,,,,,,,,,,,
1056,1056,PHI,LAL,2007-12-21,2007,106,101,0,,,,,1056,1056,,,,,,,,,,,,,,,,,,,,,,
1058,1058,ORL,NJN,2008-01-02,2007,96,95,0,,,,,1058,1058,,,,,,,,,,,,,,,,,,,,,,
1061,1061,WAS,GSW,2007-11-23,2007,123,115,0,,,,,1061,1061,,,,,,,,,,,,,,,,,,,,,,
1063,1063,CHI,TOR,2007-11-10,2007,101,71,0,,,,,1063,1063,,,,,,,,,,,,,,,,,,,,,,
1066,1066,GSW,NYK,2008-01-27,2007,104,106,1,,,,,1066,1066,,,,,,,,,,,,,,,,,,,,,,
1067,1067,GSW,NJN,2008-01-24,2007,119,121,1,,,,,1067,1067,,,,,,,,,,,,,,,,,,,,,,
1069,1069,TOR,PHX,2007-12-05,2007,136,123,0,,,,,1069,1069,,,,,,,,,,,,,,,,,,,,,,
1071,1071,LAL,IND,2008-01-06,2007,96,112,1,,,,,1071,1071,,,,,,,,,,,,,,,,,,,,,,
1072,1072,DET,CLE,2007-11-28,2007,74,109,1,,,,,1072,1072,,,,,,,,,,,,,,,,,,,,,,
1073,1073,LAL,NYK,2008-01-29,2007,109,120,1,,,,,1073,1073,,,,,,,,,,,,,,,,,,,,,,
1074,1074,LAL,MEM,2008-01-13,2007,99,100,1,,,,,1074,1074,,,,,,,,,,,,,,,,,,,,,,
1075,1075,DET,UTA,2007-11-25,2007,103,93,0,,,,,1075,1075,,,,,,,,,,,,,,,,,,,,,,
1076,1076,TOR,LAC,2008-02-08,2007,102,98,0,,,,,1076,1076,,,,,,,,,,,,,,,,,,,,,,
1077,1077,DET,IND,2007-12-28,2007,101,114,1,,,,,1077,1077,,,,,,,,,,,,,,,,,,,,,,
1079,1079,DET,SAS,2008-03-14,2007,80,84,1,,,,,1079,1079,,,,,,,,,,,,,,,,,,,,,,
1080,1080,ATL,CLE,2008-01-09,2007,81,90,1,,,,,1080,1080,,,,,,,,,,,,,,,,,,,,,,
1082,1082,DET,CHA,2007-12-09,2007,85,104,1,,,,,1082,1082,,,,,,,,,,,,,,,,,,,,,,
1083,1083,LAL,PHX,2007-12-25,2007,115,122,1,,,,,1083,1083,,,,,,,,,,,,,,,,,,,,,,
1085,1085,TOR,POR,2008-01-13,2007,109,116,1,,,,,1085,1085,,,,,,,,,,,,,,,,,,,,,,
1086,1086,DEN,HOU,2007-12-20,2007,111,112,1,,,,,1086,1086,,,,,,,,,,,,,,,,,,,,,,
1087,1087,WAS,IND,2007-11-14,2007,90,103,1,,,,,1087,1087,,,,,,,,,,,,,,,,,,,,,,
1088,1088,ATL,CHI,2008-01-13,2007,84,105,1,,,,,1088,1088,,,,,,,,,,,,,,,,,,,,,,
1089,1089,ORL,CHI,2008-01-15,2007,88,102,1,,,,,1089,1089,,,,,,,,,,,,,,,,,,,,,,
1090,1090,LAL,CLE,2008-01-27,2007,98,95,0,,,,,1090,1090,,,,,,,,,,,,,,,,,,,,,,
1091,1091,WAS,DEN,2007-11-09,2007,118,92,0,,,,,1091,1091,,,,,,,,,,,,,,,,,,,,,,
1093,1093,LAC,PHX,2007-12-27,2007,108,88,0,,,,,1093,1093,,,,,,,,,,,,,,,,,,,,,,
1094,1094,LAL,MIL,2008-01-11,2007,105,110,1,,,,,1094,1094,,,,,,,,,,,,,,,,,,,,,,
1095,1095,DET,LAL,2008-01-31,2007,89,90,1,,,,,1095,1095,,,,,,,,,,,,,,,,,,,,,,
1096,1096,DET,ORL,2008-01-25,2007,93,101,1,,,,,1096,1096,,,,,,,,,,,,,,,,,,,,,,
1097,1097,DET,PHX,2008-03-24,2007,105,110,1,,,,,1097,1097,,,,,,,,,,,,,,,,,,,,,,
1098,1098,GSW,DAL,2007-11-08,2007,120,115,0,,,,,1098,1098,,,,,,,,,,,,,,,,,,,,,,
1101,1101,DET,SAC,2008-01-18,2007,100,93,0,,,,,1101,1101,,,,,,,,,,,,,,,,,,,,,,
1103,1103,CHI,GSW,2008-01-18,2007,119,111,0,,,,,1103,1103,,,,,,,,,,,,,,,,,,,,,,
1105,1105,LAL,DAL,2008-03-02,2007,104,108,1,,,,,1105,1105,,,,,,,,,,,,,,,,,,,,,,
1106,1106,ORL,POR,2008-01-19,2007,94,101,1,,,,,1106,1106,,,,,,,,,,,,,,,,,,,,,,
1107,1107,GSW,PHX,2007-11-26,2007,114,129,1,,,,,1107,1107,,,,,,,,,,,,,,,,,,,,,,
1108,1108,NYK,MIN,2007-11-04,2007,93,97,1,,,,,1108,1108,,,,,,,,,,,,,,,,,,,,,,
1110,1110,ORL,DEN,2008-02-13,2007,98,109,1,,,,,1110,1110,,,,,,,,,,,,,,,,,,,,,,
1112,1112,ATL,POR,2008-01-21,2007,111,109,0,,,,,1112,1112,,,,,,,,,,,,,,,,,,,,,,
1113,1113,TOR,MIL,2008-01-25,2007,75,106,1,,,,,1113,1113,,,,,,,,,,,,,,,,,,,,,,
1116,1116,GSW,UTA,2007-10-30,2007,117,96,0,,,,,1116,1116,,,,,,,,,,,,,,,,,,,,,,
1118,1118,GSW,CLE,2007-11-06,2007,108,104,0,,,,,1118,1118,,,,,,,,,,,,,,,,,,,,,,
1119,1119,LAL,WAS,2008-03-30,2007,120,126,1,,,,,1119,1119,,,,,,,,,,,,,,,,,,,,,,
1120,1120,ORL,PHI,2008-02-22,2007,99,115,1,,,,,1120,1120,,,,,,,,,,,,,,,,,,,,,,
1122,1122,LAL,SAC,2008-03-09,2007,114,113,0,,,,,1122,1122,,,,,,,,,,,,,,,,,,,,,,
1124,1124,TOR,DAL,2007-12-12,2007,76,92,1,,,,,1124,1124,,,,,,,,,,,,,,,,,,,,,,
1125,1125,BOS,SEA,2008-03-12,2007,82,111,1,,,,,1125,1125,,,,,,,,,,,,,,,,,,,,,,
1126,1126,DET,NOH,2008-03-16,2007,84,105,1,,,,,1126,1126,,,,,,,,,,,,,,,,,,,,,,
1127,1127,LAL,TOR,2008-03-11,2007,108,117,1,,,,,1127,1127,,,,,,,,,,,,,,,,,,,,,,
1130,1130,LAL,CHA,2008-03-26,2007,108,95,0,,,,,1130,1130,,,,,,,,,,,,,,,,,,,,,,
1132,1132,BOS,IND,2008-04-02,2007,77,92,1,,,,,1132,1132,,,,,,,,,,,,,,,,,,,,,,
1134,1134,BOS,UTA,2008-03-14,2007,110,92,0,,,,,1134,1134,,,,,,,,,,,,,,,,,,,,,,
1136,1136,NYK,SEA,2007-12-12,2007,117,110,0,,,,,1136,1136,,,,,,,,,,,,,,,,,,,,,,
1137,1137,NYK,SAC,2008-01-02,2007,107,97,0,,,,,1137,1137,,,,,,,,,,,,,,,,,,,,,,
1138,1138,TOR,MIN,2008-02-27,2007,85,107,1,,,,,1138,1138,,,,,,,,,,,,,,,,,,,,,,
1139,1139,LAL,HOU,2007-10-30,2007,95,93,0,,,,,1139,1139,,,,,,,,,,,,,,,,,,,,,,
1140,1140,TOR,CHA,2007-12-03,2007,79,98,1,,,,,1140,1140,,,,,,,,,,,,,,,,,,,,,,
1141,1141,ORL,LAL,2008-02-08,2007,117,113,0,,,,,1141,1141,,,,,,,,,,,,,,,,,,,,,,
1142,1142,TOR,DET,2008-01-04,2007,101,85,0,,,,,1142,1142,,,,,,,,,,,,,,,,,,,,,,
1143,1143,DET,BOS,2008-01-05,2007,92,85,0,,,,,1143,1143,,,,,,,,,,,,,,,,,,,,,,
1144,1144,ATL,SAS,2007-11-20,2007,95,83,0,,,,,1144,1144,,,,,,,,,,,,,,,,,,,,,,
1151,1151,DET,MIL,2007-12-31,2007,69,114,1,,,,,1151,1151,,,,,,,,,,,,,,,,,,,,,,
1154,1154,ORL,CLE,2008-02-11,2007,118,111,0,,,,,1154,1154,,,,,,,,,,,,,,,,,,,,,,
1158,1158,WAS,ORL,2007-11-03,2007,94,82,0,,,,,1158,1158,,,,,,,,,,,,,,,,,,,,,,
1162,1162,DET,TOR,2008-01-15,2007,89,103,1,,,,,1162,1162,,,,,,,,,,,,,,,,,,,,,,
1164,1164,NYK,NJN,2007-12-15,2007,86,94,1,,,,,1164,1164,,,,,,,,,,,,,,,,,,,,,,
1166,1166,ATL,SAC,2008-02-27,2007,117,123,1,,,,,1166,1166,,,,,,,,,,,,,,,,,,,,,,
1167,1167,LAL,ORL,2007-12-02,2007,104,97,0,,,,,1167,1167,,,,,,,,,,,,,,,,,,,,,,
1168,1168,TOR,NYK,2008-02-24,2007,92,115,1,,,,,1168,1168,,,,,,,,,,,,,,,,,,,,,,
1171,1171,ORL,DAL,2008-02-04,2007,107,98,0,,,,,1171,1171,,,,,,,,,,,,,,,,,,,,,,
1172,1172,PHI,CHA,2007-11-07,2007,63,94,1,,,,,1172,1172,,,,,,,,,,,,,,,,,,,,,,
1173,1173,TOR,SAS,2008-02-11,2007,93,88,0,,,,,1173,1173,,,,,,,,,,,,,,,,,,,,,,
1174,1174,TOR,NJN,2008-02-13,2007,91,109,1,,,,,1174,1174,,,,,,,,,,,,,,,,,,,,,,
1175,1175,LAC,GSW,2007-11-02,2007,114,120,1,,,,,1175,1175,,,,,,,,,,,,,,,,,,,,,,
1177,1177,CHI,SAS,2008-03-20,2007,102,80,0,,,,,1177,1177,,,,,,,,,,,,,,,,,,,,,,
1178,1178,NYK,PHX,2007-12-02,2007,115,104,0,,,,,1178,1178,,,,,,,,,,,,,,,,,,,,,,
1180,1180,LAL,NJN,2007-11-25,2007,102,100,0,,,,,1180,1180,,,,,,,,,,,,,,,,,,,,,,
1181,1181,HOU,UTA,2008-01-27,2007,97,89,0,,,,,1181,1181,,,,,,,,,,,,,,,,,,,,,,
1182,1182,CHI,NJN,2008-03-18,2007,96,112,1,,,,,1182,1182,,,,,,,,,,,,,,,,,,,,,,
1183,1183,CHI,HOU,2007-12-22,2007,116,98,0,,,,,1183,1183,,,,,,,,,,,,,,,,,,,,,,
1184,1184,HOU,GSW,2007-12-31,2007,112,95,0,,,,,1184,1184,,,,,,,,,,,,,,,,,,,,,,
1185,1185,ORL,SAC,2008-02-24,2007,93,112,1,,,,,1185,1185,,,,,,,,,,,,,,,,,,,,,,
1187,1187,UTA,CHI,2008-02-09,2007,87,97,1,,,,,1187,1187,,,,,,,,,,,,,,,,,,,,,,
1188,1188,LAC,SEA,2007-11-04,2007,101,115,1,,,,,1188,1188,,,,,,,,,,,,,,,,,,,,,,
1189,1189,LAC,NYK,2007-11-14,2007,81,84,1,,,,,1189,1189,,,,,,,,,,,,,,,,,,,,,,
1192,1192,LAC,SAC,2008-01-23,2007,85,111,1,,,,,1192,1192,,,,,,,,,,,,,,,,,,,,,,
1193,1193,ATL,SEA,2007-11-16,2007,126,123,0,,,,,1193,1193,,,,,,,,,,,,,,,,,,,,,,
1196,1196,HOU,NYK,2008-01-05,2007,91,103,1,,,,,1196,1196,,,,,,,,,,,,,,,,,,,,,,
1197,1197,CHI,MIL,2007-12-28,2007,99,103,1,,,,,1197,1197,,,,,,,,,,,,,,,,,,,,,,
1198,1198,HOU,SEA,2008-01-21,2007,89,96,1,,,,,1198,1198,,,,,,,,,,,,,,,,,,,,,,
1199,1199,HOU,MIN,2008-01-11,2007,82,113,1,,,,,1199,1199,,,,,,,,,,,,,,,,,,,,,,
1200,1200,DEN,LAL,2007-12-05,2007,111,107,0,,,,,1200,1200,,,,,,,,,,,,,,,,,,,,,,
1204,1204,HOU,PHX,2007-11-17,2007,115,105,0,,,,,1204,1204,,,,,,,,,,,,,,,,,,,,,,
1206,1206,ATL,DEN,2008-01-15,2007,93,104,1,,,,,1206,1206,,,,,,,,,,,,,,,,,,,,,,
1207,1207,LAC,MIN,2007-12-31,2007,82,91,1,,,,,1207,1207,,,,,,,,,,,,,,,,,,,,,,
1208,1208,LAL,MIA,2008-02-28,2007,88,106,1,,,,,1208,1208,,,,,,,,,,,,,,,,,,,,,,
1210,1210,ATL,NYK,2008-02-29,2007,93,99,1,,,,,1210,1210,,,,,,,,,,,,,,,,,,,,,,
1214,1214,ATL,MIN,2007-12-06,2007,89,90,1,,,,,1214,1214,,,,,,,,,,,,,,,,,,,,,,
1215,1215,DEN,GSW,2007-12-30,2007,105,95,0,,,,,1215,1215,,,,,,,,,,,,,,,,,,,,,,
1216,1216,LAC,MIA,2007-12-09,2007,100,94,0,,,,,1216,1216,,,,,,,,,,,,,,,,,,,,,,
1217,1217,NYK,PHI,2007-12-08,2007,105,77,0,,,,,1217,1217,,,,,,,,,,,,,,,,,,,,,,
1219,1219,HOU,WAS,2008-02-26,2007,69,94,1,,,,,1219,1219,,,,,,,,,,,,,,,,,,,,,,
1222,1222,LAC,NOH,2007-11-24,2007,98,89,0,,,,,1222,1222,,,,,,,,,,,,,,,,,,,,,,
1224,1224,UTA,NJN,2007-11-19,2007,75,102,1,,,,,1224,1224,,,,,,,,,,,,,,,,,,,,,,
1226,1226,DET,MEM,2007-12-21,2007,67,94,1,,,,,1226,1226,,,,,,,,,,,,,,,,,,,,,,
1229,1229,PHI,NOH,2007-11-11,2007,93,72,0,,,,,1229,1229,,,,,,,,,,,,,,,,,,,,,,
1230,1230,GSW,HOU,2007-11-29,2007,94,113,1,,,,,1230,1230,,,,,,,,,,,,,,,,,,,,,,
1231,1231,LAC,MEM,2008-02-20,2007,86,100,1,,,,,1231,1231,,,,,,,,,,,,,,,,,,,,,,
1232,1232,DEN,LAC,2007-11-30,2007,107,123,1,,,,,1232,1232,,,,,,,,,,,,,,,,,,,,,,
1234,1234,ATL,NJN,2008-01-05,2007,113,107,0,,,,,1234,1234,,,,,,,,,,,,,,,,,,,,,,
1235,1235,LAC,HOU,2007-11-26,2007,88,71,0,,,,,1235,1235,,,,,,,,,,,,,,,,,,,,,,
1236,1236,HOU,MIA,2008-02-21,2007,100,112,1,,,,,1236,1236,,,,,,,,,,,,,,,,,,,,,,
1238,1238,HOU,CHI,2008-02-24,2007,97,110,1,,,,,1238,1238,,,,,,,,,,,,,,,,,,,,,,
1239,1239,CHI,LAC,2007-11-06,2007,97,91,0,,,,,1239,1239,,,,,,,,,,,,,,,,,,,,,,
1242,1242,UTA,LAC,2008-01-18,2007,88,106,1,,,,,1242,1242,,,,,,,,,,,,,,,,,,,,,,
1243,1243,UTA,SAC,2007-11-12,2007,93,117,1,,,,,1243,1243,,,,,,,,,,,,,,,,,,,,,,
1245,1245,LAL,BOS,2007-12-30,2007,110,91,0,,,,,1245,1245,,,,,,,,,,,,,,,,,,,,,,
1246,1246,DET,CHI,2007-12-07,2007,98,91,0,,,,,1246,1246,,,,,,,,,,,,,,,,,,,,,,
1247,1247,TOR,UTA,2007-11-14,2007,92,88,0,,,,,1247,1247,,,,,,,,,,,,,,,,,,,,,,
1248,1248,NYK,DET,2008-01-13,2007,65,89,1,,,,,1248,1248,,,,,,,,,,,,,,,,,,,,,,
1250,1250,TOR,BOS,2007-11-04,2007,98,95,0,,,,,1250,1250,,,,,,,,,,,,,,,,,,,,,,
1251,1251,NYK,LAL,2007-12-23,2007,95,90,0,,,,,1251,1251,,,,,,,,,,,,,,,,,,,,,,
1252,1252,NYK,HOU,2008-01-09,2007,101,92,0,,,,,1252,1252,,,,,,,,,,,,,,,,,,,,,,
1253,1253,TOR,NOH,2008-03-30,2007,118,111,0,,,,,1253,1253,,,,,,,,,,,,,,,,,,,,,,
1254,1254,LAC,WAS,2008-02-13,2007,91,89,0,,,,,1254,1254,,,,,,,,,,,,,,,,,,,,,,
1255,1255,DET,DEN,2008-03-18,2007,120,136,1,,,,,1255,1255,,,,,,,,,,,,,,,,,,,,,,
1260,1260,TOR,HOU,2007-12-09,2007,80,93,1,,,,,1260,1260,,,,,,,,,,,,,,,,,,,,,,
1262,1262,PHI,TOR,2007-11-09,2007,105,103,0,,,,,1262,1262,,,,,,,,,,,,,,,,,,,,,,
1263,1263,TOR,DEN,2008-03-23,2007,109,100,0,,,,,1263,1263,,,,,,,,,,,,,,,,,,,,,,
1264,1264,LAL,DET,2007-11-16,2007,91,103,1,,,,,1264,1264,,,,,,,,,,,,,,,,,,,,,,
1266,1266,TOR,ATL,2008-01-18,2007,78,89,1,,,,,1266,1266,,,,,,,,,,,,,,,,,,,,,,
1267,1267,LAL,LAC,2007-12-16,2007,92,113,1,,,,,1267,1267,,,,,,,,,,,,,,,,,,,,,,
1268,1268,DET,SEA,2008-03-04,2007,97,100,1,,,,,1268,1268,,,,,,,,,,,,,,,,,,,,,,
1270,1270,TOR,PHI,2007-10-31,2007,97,106,1,,,,,1270,1270,,,,,,,,,,,,,,,,,,,,,,
1271,1271,LAL,SAS,2007-12-13,2007,97,102,1,,,,,1271,1271,,,,,,,,,,,,,,,,,,,,,,
1272,1272,LAC,TOR,2007-12-18,2007,80,77,0,,,,,1272,1272,,,,,,,,,,,,,,,,,,,,,,
1273,1273,LAL,PHI,2008-01-04,2007,93,124,1,,,,,1273,1273,,,,,,,,,,,,,,,,,,,,,,
1275,1275,TOR,SAC,2008-01-16,2007,91,116,1,,,,,1275,1275,,,,,,,,,,,,,,,,,,,,,,
1276,1276,DEN,PHX,2008-03-05,2007,113,126,1,,,,,1276,1276,,,,,,,,,,,,,,,,,,,,,,
1277,1277,TOR,LAL,2008-02-01,2007,121,101,0,,,,,1277,1277,,,,,,,,,,,,,,,,,,,,,,
1278,1278,BOS,PHX,2008-03-26,2007,97,117,1,,,,,1278,1278,,,,,,,,,,,,,,,,,,,,,,
1279,1279,LAC,SAS,2008-01-06,2007,88,82,0,,,,,1279,1279,,,,,,,,,,,,,,,,,,,,,,
1280,1280,BOS,NOH,2008-03-28,2007,92,112,1,,,,,1280,1280,,,,,,,,,,,,,,,,,,,,,,
1282,1282,LAC,CHI,2007-11-17,2007,92,73,0,,,,,1282,1282,,,,,,,,,,,,,,,,,,,,,,
1283,1283,TOR,ORL,2007-11-07,2007,105,96,0,,,,,1283,1283,,,,,,,,,,,,,,,,,,,,,,
1287,1287,TOR,SEA,2008-03-09,2007,106,114,1,,,,,1287,1287,,,,,,,,,,,,,,,,,,,,,,
1288,1288,LAC,ORL,2008-01-09,2007,113,106,0,,,,,1288,1288,,,,,,,,,,,,,,,,,,,,,,
1290,1290,NYK,CLE,2007-12-19,2007,90,108,1,,,,,1290,1290,,,,,,,,,,,,,,,,,,,,,,
1291,1291,TOR,GSW,2007-11-18,2007,106,100,0,,,,,1291,1291,,,,,,,,,,,,,,,,,,,,,,
1292,1292,ORL,NOH,2008-04-01,2007,98,97,0,,,,,1292,1292,,,,,,,,,,,,,,,,,,,,,,
1293,1293,TOR,CLE,2007-11-30,2007,82,91,1,,,,,1293,1293,,,,,,,,,,,,,,,,,,,,,,
1295,1295,NYK,BOS,2008-01-21,2007,109,93,0,,,,,1295,1295,,,,,,,,,,,,,,,,,,,,,,
1297,1297,DET,ATL,2007-11-04,2007,91,92,1,,,,,1297,1297,,,,,,,,,,,,,,,,,,,,,,
1298,1298,TOR,CHI,2007-11-25,2007,78,93,1,,,,,1298,1298,,,,,,,,,,,,,,,,,,,,,,
1299,1299,TOR,MIA,2008-03-19,2007,54,96,1,,,,,1299,1299,,,,,,,,,,,,,,,,,,,,,,
1300,1300,DET,PHI,2007-11-23,2007,78,83,1,,,,,1300,1300,,,,,,,,,,,,,,,,,,,,,,
1302,1302,ORL,MIN,2008-04-11,2007,102,101,0,,,,,1302,1302,,,,,,,,,,,,,,,,,,,,,,
1303,1303,LAC,CLE,2007-11-11,2007,103,95,0,,,,,1303,1303,,,,,,,,,,,,,,,,,,,,,,
1305,1305,LAL,SEA,2007-11-27,2007,99,106,1,,,,,1305,1305,,,,,,,,,,,,,,,,,,,,,,
1306,1306,TOR,IND,2007-11-16,2007,101,110,1,,,,,1306,1306,,,,,,,,,,,,,,,,,,,,,,
1307,1307,LAC,MIL,2007-12-04,2007,87,78,0,,,,,1307,1307,,,,,,,,,,,,,,,,,,,,,,
1308,1308,ORL,MIL,2007-10-31,2007,83,102,1,,,,,1308,1308,,,,,,,,,,,,,,,,,,,,,,
1310,1310,LAC,IND,2007-12-02,2007,101,95,0,,,,,1310,1310,,,,,,,,,,,,,,,,,,,,,,
1311,1311,TOR,MEM,2007-11-28,2007,91,103,1,,,,,1311,1311,,,,,,,,,,,,,,,,,,,,,,
1312,1312,LAC,UTA,2008-01-21,2007,109,93,0,,,,,1312,1312,,,,,,,,,,,,,,,,,,,,,,
1313,1313,ATL,PHI,2008-02-04,2007,91,96,1,,,,,1313,1313,,,,,,,,,,,,,,,,,,,,,,
1319,1319,OKC,MIN,2008-11-02,2008,85,88,1,,,,,1319,1319,,,,,,,,,,,,,,,,,,,,,,
1323,1323,OKC,GSW,2008-12-08,2008,112,102,0,,,,,1323,1323,,,,,,,,,,,,,,,,,,,,,,
1328,1328,OKC,MEM,2008-12-10,2008,108,102,0,,,,,1328,1328,,,,,,,,,,,,,,,,,,,,,,
1329,1329,OKC,NYK,2009-01-06,2008,99,107,1,,,,,1329,1329,,,,,,,,,,,,,,,,,,,,,,
1334,1334,OKC,MIL,2008-10-29,2008,98,87,0,,,,,1334,1334,,,,,,,,,,,,,,,,,,,,,,
1336,1336,OKC,IND,2009-04-05,2008,117,99,0,,,,,1336,1336,,,,,,,,,,,,,,,,,,,,,,
1337,1337,OKC,TOR,2008-12-19,2008,83,91,1,,,,,1337,1337,,,,,,,,,,,,,,,,,,,,,,
1338,1338,OKC,DEN,2009-01-02,2008,122,120,0,,,,,1338,1338,,,,,,,,,,,,,,,,,,,,,,
1339,1339,OKC,CHI,2009-03-18,2008,103,96,0,,,,,1339,1339,,,,,,,,,,,,,,,,,,,,,,
1340,1340,OKC,SAC,2009-02-08,2008,113,116,1,,,,,1340,1340,,,,,,,,,,,,,,,,,,,,,,
1341,1341,OKC,SAS,2009-03-16,2008,76,78,1,,,,,1341,1341,,,,,,,,,,,,,,,,,,,,,,
1342,1342,OKC,CLE,2008-12-21,2008,102,91,0,,,,,1342,1342,,,,,,,,,,,,,,,,,,,,,,
1350,1350,OKC,DET,2009-01-16,2008,79,89,1,,,,,1350,1350,,,,,,,,,,,,,,,,,,,,,,
1351,1351,OKC,UTA,2009-01-14,2008,93,114,1,,,,,1351,1351,,,,,,,,,,,,,,,,,,,,,,
1357,1357,OKC,MIA,2009-01-18,2008,104,94,0,,,,,1357,1357,,,,,,,,,,,,,,,,,,,,,,
1364,1364,NJN,OKC,2009-01-12,2008,99,103,1,,,,,1364,1364,,,,,,,,,,,,,,,,,,,,,,
1365,1365,OKC,NJN,2009-01-26,2008,85,94,1,,,,,1365,1365,,,,,,,,,,,,,,,,,,,,,,
1373,1373,CHI,OKC,2009-01-10,2008,109,98,0,,,,,1373,1373,,,,,,,,,,,,,,,,,,,,,,
1398,1398,NOH,OKC,2008-11-22,2008,97,109,1,,,,,1398,1398,,,,,,,,,,,,,,,,,,,,,,
1428,1428,NYK,OKC,2008-11-14,2008,106,116,1,,,,,1428,1428,,,,,,,,,,,,,,,,,,,,,,
1453,1453,OKC,ORL,2008-11-12,2008,109,92,0,,,,,1453,1453,,,,,,,,,,,,,,,,,,,,,,
1458,1458,OKC,ATL,2008-11-09,2008,89,85,0,,,,,1458,1458,,,,,,,,,,,,,,,,,,,,,,
1459,1459,OKC,BOS,2008-11-05,2008,96,83,0,,,,,1459,1459,,,,,,,,,,,,,,,,,,,,,,
1460,1460,OKC,HOU,2008-11-17,2008,100,89,0,,,,,1460,1460,,,,,,,,,,,,,,,,,,,,,,
1470,1470,OKC,PHI,2009-03-08,2008,74,89,1,,,,,1470,1470,,,,,,,,,,,,,,,,,,,,,,
1471,1471,OKC,LAC,2008-11-19,2008,108,88,0,,,,,1471,1471,,,,,,,,,,,,,,,,,,,,,,
1473,1473,OKC,POR,2009-02-06,2008,93,102,1,,,,,1473,1473,,,,,,,,,,,,,,,,,,,,,,
1475,1475,OKC,PHX,2008-11-25,2008,99,98,0,,,,,1475,1475,,,,,,,,,,,,,,,,,,,,,,
1476,1476,OKC,LAL,2009-02-24,2008,107,93,0,,,,,1476,1476,,,,,,,,,,,,,,,,,,,,,,
1480,1480,OKC,WAS,2009-03-04,2008,83,88,1,,,,,1480,1480,,,,,,,,,,,,,,,,,,,,,,
1485,1485,OKC,DAL,2009-03-02,2008,87,96,1,,,,,1485,1485,,,,,,,,,,,,,,,,,,,,,,
1486,1486,OKC,NOH,2008-11-21,2008,105,80,0,,,,,1486,1486,,,,,,,,,,,,,,,,,,,,,,
1490,1490,OKC,CHA,2009-04-10,2008,81,84,1,,,,,1490,1490,,,,,,,,,,,,,,,,,,,,,,
1569,1569,LAC,OKC,2009-01-23,2008,104,107,1,,,,,1569,1569,,,,,,,,,,,,,,,,,,,,,,
1616,1616,LAL,OKC,2009-02-10,2008,98,105,1,,,,,1616,1616,,,,,,,,,,,,,,,,,,,,,,
1714,1714,GSW,OKC,2009-01-21,2008,122,121,0,,,,,1714,1714,,,,,,,,,,,,,,,,,,,,,,
1727,1727,HOU,OKC,2008-11-01,2008,77,89,1,,,,,1727,1727,,,,,,,,,,,,,,,,,,,,,,
1759,1759,DET,OKC,2008-12-26,2008,88,90,1,,,,,1759,1759,,,,,,,,,,,,,,,,,,,,,,
1803,1803,IND,OKC,2008-11-10,2008,99,107,1,,,,,1803,1803,,,,,,,,,,,,,,,,,,,,,,
1832,1832,MIN,OKC,2009-01-07,2008,87,129,1,,,,,1832,1832,,,,,,,,,,,,,,,,,,,,,,
1880,1880,MIL,OKC,2009-04-11,2008,98,115,1,,,,,1880,1880,,,,,,,,,,,,,,,,,,,,,,
1909,1909,CLE,OKC,2008-11-26,2008,82,117,1,,,,,1909,1909,,,,,,,,,,,,,,,,,,,,,,
1949,1949,DAL,OKC,2008-12-13,2008,99,103,1,,,,,1949,1949,,,,,,,,,,,,,,,,,,,,,,
1987,1987,MEM,OKC,2008-11-29,2008,111,103,0,,,,,1987,1987,,,,,,,,,,,,,,,,,,,,,,
1997,1997,DEN,OKC,2009-03-11,2008,99,112,1,,,,,1997,1997,,,,,,,,,,,,,,,,,,,,,,
2064,2064,MIA,OKC,2008-12-06,2008,99,105,1,,,,,2064,2064,,,,,,,,,,,,,,,,,,,,,,
2099,2099,SAC,OKC,2009-02-01,2008,118,122,1,,,,,2099,2099,,,,,,,,,,,,,,,,,,,,,,
2121,2121,POR,OKC,2009-02-11,2008,92,106,1,,,,,2121,2121,,,,,,,,,,,,,,,,,,,,,,
2153,2153,BOS,OKC,2009-03-29,2008,84,103,1,,,,,2153,2153,,,,,,,,,,,,,,,,,,,,,,
2275,2275,PHX,OKC,2009-02-20,2008,118,140,1,,,,,2275,2275,,,,,,,,,,,,,,,,,,,,,,
2297,2297,CHA,OKC,2008-12-03,2008,97,103,1,,,,,2297,2297,,,,,,,,,,,,,,,,,,,,,,
2338,2338,ATL,OKC,2008-12-23,2008,88,99,1,,,,,2338,2338,,,,,,,,,,,,,,,,,,,,,,
2415,2415,WAS,OKC,2008-12-27,2008,95,104,1,,,,,2415,2415,,,,,,,,,,,,,,,,,,,,,,
2479,2479,SAS,OKC,2008-12-14,2008,104,109,1,,,,,2479,2479,,,,,,,,,,,,,,,,,,,,,,
2518,2518,UTA,OKC,2008-11-07,2008,97,104,1,,,,,2518,2518,,,,,,,,,,,,,,,,,,,,,,
2536,2536,TOR,OKC,2009-03-27,2008,96,112,1,,,,,2536,2536,,,,,,,,,,,,,,,,,,,,,,
2570,2570,PHI,OKC,2008-11-15,2008,85,110,1,,,,,2570,2570,,,,,,,,,,,,,,,,,,,,,,
2589,2589,ORL,OKC,2008-12-05,2008,89,98,1,,,,,2589,2589,,,,,,,,,,,,,,,,,,,,,,
6407,6407,LAL,BKN,2012-11-20,2012,90,95,1,,,,,1407,1407,,,,,,,,,,,,,,,,,,,,,,
6458,6458,SAC,BKN,2012-11-18,2012,99,90,0,,,,,1458,1458,,,,,,,,,,,,,,,,,,,,,,
6470,6470,BKN,MIA,2013-01-30,2012,105,85,0,,,,,1470,1470,,,,,,,,,,,,,,,,,,,,,,
6475,6475,BKN,MIN,2012-11-05,2012,107,96,0,,,,,1475,1475,,,,,,,,,,,,,,,,,,,,,,
6477,6477,DEN,BKN,2013-03-29,2012,87,109,1,,,,,1477,1477,,,,,,,,,,,,,,,,,,,,,,
6481,6481,BKN,BOS,2012-11-15,2012,97,102,1,,,,,1481,1481,,,,,,,,,,,,,,,,,,,,,,
6485,6485,POR,BKN,2013-03-27,2012,111,93,0,,,,,1485,1485,,,,,,,,,,,,,,,,,,,,,,
6488,6488,BKN,UTA,2012-12-18,2012,92,90,0,,,,,1488,1488,,,,,,,,,,,,,,,,,,,,,,
6522,6522,MIL,BKN,2012-12-26,2012,93,108,1,,,,,1522,1522,,,,,,,,,,,,,,,,,,,,,,
6525,6525,BKN,OKC,2012-12-04,2012,117,111,0,,,,,1525,1525,,,,,,,,,,,,,,,,,,,,,,
6527,6527,SAS,BKN,2012-12-31,2012,73,104,1,,,,,1527,1527,,,,,,,,,,,,,,,,,,,,,,
6528,6528,BKN,NYK,2012-11-26,2012,89,96,1,,,,,1528,1528,,,,,,,,,,,,,,,,,,,,,,
6529,6529,BKN,POR,2012-11-25,2012,85,98,1,,,,,1529,1529,,,,,,,,,,,,,,,,,,,,,,
6531,6531,BKN,IND,2013-01-13,2012,86,97,1,,,,,1531,1531,,,,,,,,,,,,,,,,,,,,,,
6598,6598,BKN,ATL,2013-01-18,2012,89,94,1,,,,,1598,1598,,,,,,,,,,,,,,,,,,,,,,
6627,6627,BKN,LAC,2012-11-23,2012,76,86,1,,,,,1627,1627,,,,,,,,,,,,,,,,,,,,,,
6628,6628,BKN,CHA,2012-12-28,2012,81,97,1,,,,,1628,1628,,,,,,,,,,,,,,,,,,,,,,
6638,6638,BKN,TOR,2012-11-03,2012,100,107,1,,,,,1638,1638,,,,,,,,,,,,,,,,,,,,,,
6641,6641,PHX,BKN,2013-03-24,2012,102,100,0,,,,,1641,1641,,,,,,,,,,,,,,,,,,,,,,
6648,6648,BKN,LAL,2013-02-05,2012,92,83,0,,,,,1648,1648,,,,,,,,,,,,,,,,,,,,,,
6656,6656,BKN,DAL,2013-03-01,2012,98,90,0,,,,,1656,1656,,,,,,,,,,,,,,,,,,,,,,
6665,6665,DAL,BKN,2013-03-20,2012,113,96,0,,,,,1665,1665,,,,,,,,,,,,,,,,,,,,,,
6667,6667,MIN,BKN,2013-01-23,2012,91,83,0,,,,,1667,1667,,,,,,,,,,,,,,,,,,,,,,
6673,6673,BKN,CHI,2013-02-01,2012,89,93,1,,,,,1673,1673,,,,,,,,,,,,,,,,,,,,,,
6703,6703,BKN,SAS,2013-02-10,2012,111,86,0,,,,,1703,1703,,,,,,,,,,,,,,,,,,,,,,
6709,6709,BKN,PHX,2013-01-11,2012,79,99,1,,,,,1709,1709,,,,,,,,,,,,,,,,,,,,,,
6722,6722,BKN,WAS,2013-03-08,2012,78,95,1,,,,,1722,1722,,,,,,,,,,,,,,,,,,,,,,
6738,6738,BKN,MEM,2013-02-24,2012,76,72,0,,,,,1738,1738,,,,,,,,,,,,,,,,,,,,,,
6755,6755,MIA,BKN,2012-11-07,2012,73,103,1,,,,,1755,1755,,,,,,,,,,,,,,,,,,,,,,
6770,6770,BKN,HOU,2013-02-22,2012,106,96,0,,,,,1770,1770,,,,,,,,,,,,,,,,,,,,,,
6800,6800,BKN,CLE,2012-11-13,2012,101,114,1,,,,,1800,1800,,,,,,,,,,,,,,,,,,,,,,
6813,6813,BKN,SAC,2013-01-05,2012,93,113,1,,,,,1813,1813,,,,,,,,,,,,,,,,,,,,,,
6834,6834,BKN,MIL,2012-12-09,2012,97,88,0,,,,,1834,1834,,,,,,,,,,,,,,,,,,,,,,
6842,6842,BKN,DET,2012-12-14,2012,105,107,1,,,,,1842,1842,,,,,,,,,,,,,,,,,,,,,,
6846,6846,BKN,PHI,2012-12-23,2012,92,95,1,,,,,1846,1846,,,,,,,,,,,,,,,,,,,,,,
6847,6847,MEM,BKN,2013-01-25,2012,77,101,1,,,,,1847,1847,,,,,,,,,,,,,,,,,,,,,,
6855,6855,BKN,GSW,2012-12-07,2012,109,102,0,,,,,1855,1855,,,,,,,,,,,,,,,,,,,,,,
6858,6858,BKN,ORL,2012-11-11,2012,74,82,1,,,,,1858,1858,,,,,,,,,,,,,,,,,,,,,,
6890,6890,BKN,NOH,2013-03-12,2012,98,108,1,,,,,1890,1890,,,,,,,,,,,,,,,,,,,,,,
6891,6891,BKN,DEN,2013-02-13,2012,108,119,1,,,,,1891,1891,,,,,,,,,,,,,,,,,,,,,,
6897,6897,BOS,BKN,2012-11-28,2012,95,83,0,,,,,1897,1897,,,,,,,,,,,,,,,,,,,,,,
6904,6904,CHA,BKN,2013-03-06,2012,99,78,0,,,,,1904,1904,,,,,,,,,,,,,,,,,,,,,,
6973,6973,UTA,BKN,2013-03-30,2012,107,116,1,,,,,1973,1973,,,,,,,,,,,,,,,,,,,,,,
6988,6988,IND,BKN,2013-02-11,2012,89,84,0,,,,,1988,1988,,,,,,,,,,,,,,,,,,,,,,
7188,7188,NYK,BKN,2012-12-19,2012,86,100,1,,,,,2188,2188,,,,,,,,,,,,,,,,,,,,,,
7284,7284,ORL,BKN,2012-11-09,2012,107,68,0,,,,,2284,2284,,,,,,,,,,,,,,,,,,,,,,
7285,7285,OKC,BKN,2013-01-02,2012,110,93,0,,,,,2285,2285,,,,,,,,,,,,,,,,,,,,,,
7307,7307,WAS,BKN,2013-01-04,2012,115,113,0,,,,,2307,2307,,,,,,,,,,,,,,,,,,,,,,
7312,7312,HOU,BKN,2013-01-26,2012,106,119,1,,,,,2312,2312,,,,,,,,,,,,,,,,,,,,,,
7316,7316,CHI,BKN,2012-12-15,2012,82,83,1,,,,,2316,2316,,,,,,,,,,,,,,,,,,,,,,
7365,7365,GSW,BKN,2012-11-21,2012,93,102,1,,,,,2365,2365,,,,,,,,,,,,,,,,,,,,,,
7374,7374,ATL,BKN,2013-01-16,2012,95,109,1,,,,,2374,2374,,,,,,,,,,,,,,,,,,,,,,
7549,7549,TOR,BKN,2012-12-12,2012,94,88,0,,,,,2549,2549,,,,,,,,,,,,,,,,,,,,,,
7564,7564,NOH,BKN,2013-02-26,2012,101,97,0,,,,,2564,2564,,,,,,,,,,,,,,,,,,,,,,
7570,7570,DET,BKN,2013-02-06,2012,93,90,0,,,,,2570,2570,,,,,,,,,,,,,,,,,,,,,,
7616,7616,LAC,BKN,2013-03-23,2012,95,101,1,,,,,2616,2616,,,,,,,,,,,,,,,,,,,,,,
7657,7657,CLE,BKN,2013-04-03,2012,113,95,0,,,,,2657,2657,,,,,,,,,,,,,,,,,,,,,,
7674,7674,PHI,BKN,2013-01-08,2012,109,89,0,,,,,2674,2674,,,,,,,,,,,,,,,,,,,,,,
7734,7734,MIL,NOP,2014-02-12,2013,102,98,0,,,,,2734,2734,,,,,,,,,,,,,,,,,,,,,,
7777,7777,OKC,NOP,2014-04-11,2013,94,116,1,,,,,2777,2777,,,,,,,,,,,,,,,,,,,,,,
7792,7792,NOP,MEM,2013-12-13,2013,98,104,1,,,,,2792,2792,,,,,,,,,,,,,,,,,,,,,,
7868,7868,DAL,NOP,2014-01-11,2013,107,110,1,,,,,2868,2868,,,,,,,,,,,,,,,,,,,,,,
7890,7890,CHA,NOP,2014-02-21,2013,87,90,1,,,,,2890,2890,,,,,,,,,,,,,,,,,,,,,,
7925,7925,MIN,NOP,2014-01-01,2013,112,124,1,,,,,2925,2925,,,,,,,,,,,,,,,,,,,,,,
7968,7968,NOP,SAC,2014-01-21,2013,114,97,0,,,,,2968,2968,,,,,,,,,,,,,,,,,,,,,,
7976,7976,NOP,ORL,2014-01-26,2013,92,100,1,,,,,2976,2976,,,,,,,,,,,,,,,,,,,,,,
7981,7981,NOP,BOS,2014-03-16,2013,120,121,1,,,,,2981,2981,,,,,,,,,,,,,,,,,,,,,,
7992,7992,POR,NOP,2013-12-21,2013,107,110,1,,,,,2992,2992,,,,,,,,,,,,,,,,,,,,,,
7994,7994,NOP,BKN,2014-03-24,2013,104,109,1,,,,,2994,2994,,,,,,,,,,,,,,,,,,,,,,
8002,8002,NOP,MIA,2014-03-22,2013,95,105,1,,,,,3002,3002,,,,,,,,,,,,,,,,,,,,,,
8004,8004,NOP,TOR,2014-03-19,2013,107,100,0,,,,,3004,3004,,,,,,,,,,,,,,,,,,,,,,
8019,8019,PHI,NOP,2013-11-29,2013,121,105,0,,,,,3019,3019,,,,,,,,,,,,,,,,,,,,,,
8022,8022,NOP,CHI,2014-02-01,2013,79,88,1,,,,,3022,3022,,,,,,,,,,,,,,,,,,,,,,
8033,8033,NOP,DEN,2013-12-27,2013,89,105,1,,,,,3033,3033,,,,,,,,,,,,,,,,,,,,,,
8037,8037,NOP,PHX,2013-11-05,2013,104,98,0,,,,,3037,3037,,,,,,,,,,,,,,,,,,,,,,
8040,8040,NOP,LAL,2013-11-08,2013,85,96,1,,,,,3040,3040,,,,,,,,,,,,,,,,,,,,,,
8042,8042,NOP,DET,2013-12-11,2013,106,111,1,,,,,3042,3042,,,,,,,,,,,,,,,,,,,,,,
8049,8049,NOP,POR,2013-12-30,2013,108,110,1,,,,,3049,3049,,,,,,,,,,,,,,,,,,,,,,
8051,8051,NOP,GSW,2013-11-26,2013,102,101,0,,,,,3051,3051,,,,,,,,,,,,,,,,,,,,,,
8052,8052,NOP,DAL,2013-12-04,2013,100,97,0,,,,,3052,3052,,,,,,,,,,,,,,,,,,,,,,
8053,8053,NOP,CHA,2013-11-02,2013,84,105,1,,,,,3053,3053,,,,,,,,,,,,,,,,,,,,,,
8059,8059,NOP,UTA,2013-11-20,2013,98,105,1,,,,,3059,3059,,,,,,,,,,,,,,,,,,,,,,
8064,8064,NOP,IND,2013-10-30,2013,95,90,0,,,,,3064,3064,,,,,,,,,,,,,,,,,,,,,,
8080,8080,NOP,WAS,2014-01-08,2013,102,96,0,,,,,3080,3080,,,,,,,,,,,,,,,,,,,,,,
8083,8083,NOP,SAS,2014-01-13,2013,101,95,0,,,,,3083,3083,,,,,,,,,,,,,,,,,,,,,,
8091,8091,NOP,MIL,2014-03-07,2013,104,112,1,,,,,3091,3091,,,,,,,,,,,,,,,,,,,,,,
8094,8094,NOP,HOU,2014-01-15,2013,103,100,0,,,,,3094,3094,,,,,,,,,,,,,,,,,,,,,,
8098,8098,NOP,OKC,2013-12-06,2013,109,95,0,,,,,3098,3098,,,,,,,,,,,,,,,,,,,,,,
8105,8105,NOP,CLE,2013-11-22,2013,100,104,1,,,,,3105,3105,,,,,,,,,,,,,,,,,,,,,,
8110,8110,NOP,PHI,2013-11-16,2013,98,135,1,,,,,3110,3110,,,,,,,,,,,,,,,,,,,,,,
8117,8117,BKN,NOP,2014-02-09,2013,81,93,1,,,,,3117,3117,,,,,,,,,,,,,,,,,,,,,,
8119,8119,NOP,ATL,2014-02-05,2013,100,105,1,,,,,3119,3119,,,,,,,,,,,,,,,,,,,,,,
8122,8122,NYK,NOP,2013-12-01,2013,103,99,0,,,,,3122,3122,,,,,,,,,,,,,,,,,,,,,,
8155,8155,ORL,NOP,2013-11-01,2013,90,110,1,,,,,3155,3155,,,,,,,,,,,,,,,,,,,,,,
8180,8180,CHI,NOP,2013-12-02,2013,131,128,0,,,,,3180,3180,,,,,,,,,,,,,,,,,,,,,,
8221,8221,CLE,NOP,2014-01-28,2013,100,89,0,,,,,3221,3221,,,,,,,,,,,,,,,,,,,,,,
8236,8236,NOP,NYK,2014-02-19,2013,98,91,0,,,,,3236,3236,,,,,,,,,,,,,,,,,,,,,,
8237,8237,NOP,MIN,2014-02-07,2013,91,98,1,,,,,3237,3237,,,,,,,,,,,,,,,,,,,,,,
8238,8238,NOP,LAC,2014-02-24,2013,123,110,0,,,,,3238,3238,,,,,,,,,,,,,,,,,,,,,,
8246,8246,PHX,NOP,2013-11-10,2013,94,101,1,,,,,3246,3246,,,,,,,,,,,,,,,,,,,,,,
8329,8329,IND,NOP,2014-01-04,2013,82,99,1,,,,,3329,3329,,,,,,,,,,,,,,,,,,,,,,
8351,8351,MEM,NOP,2013-11-06,2013,99,84,0,,,,,3351,3351,,,,,,,,,,,,,,,,,,,,,,
8471,8471,HOU,NOP,2013-12-28,2013,98,107,1,,,,,3471,3471,,,,,,,,,,,,,,,,,,,,,,
8553,8553,LAL,NOP,2013-11-12,2013,95,116,1,,,,,3553,3553,,,,,,,,,,,,,,,,,,,,,,
8564,8564,BOS,NOP,2014-01-03,2013,95,92,0,,,,,3564,3564,,,,,,,,,,,,,,,,,,,,,,
8598,8598,LAC,NOP,2013-12-18,2013,95,108,1,,,,,3598,3598,,,,,,,,,,,,,,,,,,,,,,
8637,8637,TOR,NOP,2014-02-10,2013,101,108,1,,,,,3637,3637,,,,,,,,,,,,,,,,,,,,,,
8654,8654,DET,NOP,2014-01-24,2013,103,101,0,,,,,3654,3654,,,,,,,,,,,,,,,,,,,,,,
8659,8659,UTA,NOP,2013-11-13,2013,105,111,1,,,,,3659,3659,,,,,,,,,,,,,,,,,,,,,,
8700,8700,SAS,NOP,2013-11-25,2013,93,112,1,,,,,3700,3700,,,,,,,,,,,,,,,,,,,,,,
8793,8793,WAS,NOP,2014-02-22,2013,93,94,1,,,,,3793,3793,,,,,,,,,,,,,,,,,,,,,,
8794,8794,DEN,NOP,2013-12-15,2013,93,102,1,,,,,3794,3794,,,,,,,,,,,,,,,,,,,,,,
8863,8863,SAC,NOP,2013-12-23,2013,113,100,0,,,,,3863,3863,,,,,,,,,,,,,,,,,,,,,,
8866,8866,ATL,NOP,2014-03-21,2013,111,105,0,,,,,3866,3866,,,,,,,,,,,,,,,,,,,,,,
8952,8952,MIA,NOP,2014-01-07,2013,88,107,1,,,,,3952,3952,,,,,,,,,,,,,,,,,,,,,,
8997,8997,GSW,NOP,2013-12-17,2013,93,104,1,,,,,3997,3997,,,,,,,,,,,,,,,,,,,,,,
